feature,psi,missing_ref,missing_cmp,mean_ref,mean_cmp,ks_stat,ks_p,severity
HCO3_hours_since,4.807616643424103,0.16728333333333334,0.9797,7.719872705802294,28.788177339901477,0.4002465929878422,2.047745126436388e-172,material
HCO3_locf,4.6643844394965965,0.16728333333333334,0.9797,24.36199787843004,22.61219209207494,0.2931679294894971,4.907371488174468e-91,material
HCO3_n_obs,4.577745680946614,0.0,0.0,2.3019333333333334,0.07115,0.8124166666666667,0.0,material
anion_gap,4.535142113921765,0.16916666666666666,0.9805166666666667,10.038314944834504,8.8321642553429,0.15218317055529285,1.4746130121667167e-23,material
HCO3_dev,4.481541785911463,0.16728333333333334,0.9797,5.901769546960465,6.634099025936852,0.0721641732451801,7.882057539453789e-06,material
HCO3_obs_rate,4.39067106466855,0.0,0.0,0.09959552334584296,0.0023975932461520037,0.8136666666666668,0.0,material
Chloride_hours_since,3.219251339460169,0.16755,0.9188833333333334,7.613310108715238,19.547976166016028,0.2850641815932039,1.92646e-319,material
Chloride_dev,3.1072269398769823,0.16755,0.9188833333333334,23.898003770848625,22.132284252258152,0.08140428319809012,5.173857813692014e-26,material
Chloride_n_obs,3.097628861276564,0.0,0.0,2.3800666666666666,0.23713333333333333,0.7513333333333334,0.0,material
Chloride_locf,3.0463203969885093,0.16755,0.9188833333333334,105.60098704626904,106.06544072323814,0.07310020246692642,4.694879914402041e-21,material
Chloride_obs_rate,3.0354358808314332,0.0,0.0,0.1024068167284752,0.00961803002396288,0.75675,0.0,material
BaseExcess_locf,2.5799567934972627,0.40305,0.9716,-0.05209118574978362,-3.2737969442690447,0.4529842525010745,2.0247429963842166e-305,material
BaseExcess_hours_since,2.5073449564458814,0.40305,0.9716,8.556607197699417,36.33978873239437,0.40140191316815094,3.714470525092412e-237,material
BaseExcess_dev,2.4645426741725434,0.40305,0.9716,0.31244243708241737,-0.7848135033468615,0.37881187507545205,2.5551708211702454e-210,material
BaseExcess_n_obs,2.3271484351166443,0.0,0.0,3.3834,0.09195,0.56855,0.0,material
BaseExcess_obs_rate,2.1853172300031014,0.0,0.0,0.1463804789420062,0.0031079457490549734,0.5693166666666667,0.0,material
DBP_obs_rate,1.3500202841485305,0.0,0.0,0.5079519735339564,0.8048893759709628,0.36365,0.0,material
DBP_hours_since,1.2584208305180755,0.3789,0.030366666666666667,2.0438201041163526,0.2082574168929836,0.10478290211186414,1.2789165617711473e-217,material
DBP_locf,1.1928591413011136,0.3789,0.030366666666666667,60.72533274298288,66.4158938085067,0.17951454665202582,0.0,material
TroponinI_locf,1.162921891745183,0.9789,0.71445,8.451737770019173,5.465240181472483,0.6516663748321952,0.0,material
FiO2_obs_rate,1.0966528928165469,0.0,0.0,0.17711594440410844,0.034696924437217724,0.40195000000000003,0.0,material
DBP_dev,1.0677887710846792,0.3789,0.030366666666666667,6.068822956147111,5.652553714607378,0.060556051202661776,7.43572528684731e-73,material
pulse_pressure,1.0505097844890567,0.3789,0.03038333333333333,59.69755514400091,60.07852673751469,0.038329573315136256,1.9692053612088005e-29,material
DBP_n_obs,1.0394419450603039,0.0,0.0,14.5138,23.040266666666668,0.34853333333333336,0.0,material
PTT_hours_since,1.0342480405581356,0.3327833333333333,0.7857833333333333,11.533384957410137,23.5547343032755,0.2222033099048999,0.0,material
TroponinI_dev,1.0169268552991073,0.9789,0.71445,2.3801536136439747,1.1231249668932648,0.4822258975846341,8.417077773613885e-253,material
PTT_n_obs,0.9947060483857965,0.0,0.0,1.45885,0.34175,0.453,0.0,material
PTT_dev,0.9604327233113047,0.3327833333333333,0.7857833333333333,7.98339582004947,8.794965849453199,0.14853666910514224,7.804795594871163e-188,material
PTT_obs_rate,0.9513913953117009,0.0,0.0,0.0652035402920718,0.015343187393407181,0.46349999999999997,0.0,material
PTT_locf,0.9344855602283605,0.3327833333333333,0.7857833333333333,36.23155520375805,39.03137008609414,0.08691105726673032,2.1804977591322173e-64,material
Resp_obs_rate,0.9005658673576262,0.0,0.0,0.8692865872636437,0.7316444760668712,0.3472833333333334,0.0,material
FiO2_n_obs,0.8208205523901415,0.0,0.0,4.651483333333333,0.8879666666666667,0.35085,0.0,material
pH_obs_rate,0.7949892859299001,0.0,0.0,0.15516958946482434,0.034839818193550066,0.3635333333333333,0.0,material
TroponinI_hours_since,0.7742778463981612,0.9789,0.71445,16.536334913112164,17.914375766065486,0.021277084244451627,0.6518261822778415,material
pH_n_obs,0.7057806427772717,0.0,0.0,3.6165166666666666,0.87305,0.3408833333333334,0.0,material
DBP_max6,0.7013908381757314,0.4406333333333333,0.13473333333333334,67.5598668136583,75.14949745731073,0.2223286103083673,0.0,material
Hct_obs_rate,0.6818634755524244,0.0,0.0,0.14642166842889662,0.06568825990009354,0.3414333333333333,0.0,material
DBP_mean6,0.6653803964507554,0.4406333333333333,0.13473333333333334,60.734151217176084,66.28121339853229,0.20623249066454585,0.0,material
FiO2_hours_since,0.6533244987040535,0.4261333333333333,0.7099833333333333,6.166937732342007,17.406355956554222,0.39630762538430364,0.0,material
hgb_hct_ratio,0.6524223313044407,0.16525,0.26285,0.34025171507978147,0.3280166449246075,0.34920679882522976,0.0,material
pH_hours_since,0.6523566164700993,0.3837,0.7146666666666667,7.597355184163557,17.427219626168224,0.28318325356880547,0.0,material
hosp_adm_time,0.6491784750224753,0.0,0.0,-49.61655361152363,-60.41403363176855,0.3166,0.0,material
DBP_std6,0.6149294716215523,0.44276666666666664,0.13518333333333332,4.88752086539541,6.3496342796925465,0.15184583422217224,0.0,material
DBP_min6,0.60172583405062,0.4406333333333333,0.13473333333333334,54.93199153804898,58.74004179847765,0.17144367105253,0.0,material
PaCO2_obs_rate,0.5833225526444632,0.0,0.0,0.12326278758007102,0.034881386064447,0.33020000000000005,0.0,material
pH_dev,0.5751784036347521,0.3837,0.7146666666666667,1.1474401914284802,1.5558843931775042,0.181811273993175,0.0,material
pH_std6,0.5631994047027059,0.43553333333333333,0.7337666666666667,0.009377754245397685,0.005205313692084095,0.30918148274162716,0.0,material
lab_order_rate,0.5515634747806946,0.0,0.0,2.147440508942213,1.165590967142582,0.32321666666666665,0.0,material
PaCO2_n_obs,0.5441027162580906,0.0,0.0,2.8405833333333335,0.87515,0.30493333333333333,0.0,material
FiO2_locf,0.5270579460613902,0.4261333333333333,0.7099833333333333,0.5073937062919746,0.6789673030407263,0.21443639124487351,0.0,material
PaCO2_hours_since,0.5197818848854596,0.40875,0.7136833333333333,8.759351656095841,17.453635252342977,0.23399407006628914,0.0,material
n_vitals_this_hour,0.5017489389002143,0.0,0.0,5.29285,5.514283333333333,0.21575,0.0,material
DBP_slope6,0.493864335369664,0.4775333333333333,0.19045,-0.0027287759956819025,-0.024214446517075484,0.060739032369167556,1.5250761272647394e-61,material
pH_locf,0.4761280637409787,0.3837,0.7146666666666667,7.391143909687799,7.389830608568459,0.048175392744258666,4.847325769292757e-24,material
pH_slope6,0.4606559896209108,0.48325,0.7606166666666667,0.0005663598457518337,0.0004951378100335158,0.15363061903478248,9.04554605121346e-203,material
HR_obs_rate,0.4551273791204558,0.0,0.0,0.8882880908922602,0.8190599336059764,0.2382333333333333,0.0,material
FiO2_dev,0.4356621510103821,0.4261333333333333,0.7099833333333333,0.039440777054592695,0.023366002633640366,0.23087833690709994,0.0,material
PaCO2_dev,0.425280577858563,0.40875,0.7136833333333333,6.477154574490259,8.339463494713254,0.108367760250738,7.999863527853213e-119,material
Hct_n_obs,0.41481689078698636,0.0,0.0,3.3340666666666667,1.6812,0.2637999999999999,0.0,material
PaCO2_locf,0.41180784234272705,0.40875,0.7136833333333333,40.79826638477801,39.987382844105205,0.08958412070459365,2.839235149638251e-81,material
pH_mean6,0.4059758039286089,0.43125,0.73115,7.391904786888933,7.390643007423761,0.0559283176683214,3.207856003555175e-30,material
pH_max6,0.40554383564950286,0.43125,0.73115,7.401861665592962,7.395919037001212,0.07586706914064179,2.8253457355075505e-55,material
pH_min6,0.39445988636007845,0.43125,0.73115,7.381532591879149,7.384782098480805,0.04885285788540383,3.715127780946473e-23,material
SaO2_locf,0.39438581613526674,0.6536333333333333,0.7472,91.03212154727275,96.7974089801563,0.3201542334489398,0.0,material
Glucose_obs_rate,0.3856012225099292,0.0,0.0,0.15119122619985914,0.22536348780778548,0.27060000000000006,0.0,material
pH_slope12,0.3771009467689954,0.5797666666666667,0.8024333333333333,0.000558188103560276,0.00037167472644643524,0.19962411449237982,4.361015449972056e-282,material
MAP_obs_rate,0.34260171391333494,0.0,0.0,0.8696527645575504,0.7975279164136698,0.21561666666666668,0.0,material
Temp_dev,0.33125876071754373,0.0719,0.07665,4.584980208451606,6.0868609001895155,0.232883246994237,0.0,material
cum_labs,0.31193784020843135,0.0,0.0,50.696533333333335,29.901733333333333,0.2334666666666667,0.0,material
pH_std24,0.28823666206870796,0.6821333333333334,0.8378833333333333,0.019844752628459496,0.012813710363304842,0.3584747736529401,0.0,material
Glucose_hours_since,0.2879780113440691,0.14083333333333334,0.15371666666666667,6.188787584869059,3.502806388719302,0.2614043016910041,0.0,material
O2Sat_dev,0.28259802066184014,0.019766666666666665,0.02955,5.2489775066262245,8.278067655736605,0.22622039548430783,0.0,material
Glucose_std6,0.2758223577636943,0.20333333333333334,0.21581666666666666,6.573503475449217,10.154409960346003,0.28939168963723066,0.0,material
DBP_slope12,0.2683718873466059,0.5725,0.3476166666666667,0.01575779756316897,0.00221846833933797,0.051864402424279366,1.146843703569396e-36,material
Hct_dev,0.2577508580797786,0.13283333333333333,0.26195,6.0749473818566315,9.207492276864338,0.17307211546075657,0.0,material
Magnesium_obs_rate,0.2543101443248447,0.0,0.0,0.08646234753498187,0.052107028754470715,0.21510000000000007,0.0,material
MAP_min6,0.25336748006814047,0.12851666666666667,0.1398,70.24590849989939,77.46306091606603,0.22114459829071598,0.0,material
MAP_mean6,0.25112897037627446,0.12851666666666667,0.1398,78.97818205876351,86.42978135166376,0.2109308895421113,0.0,material
BUN_obs_rate,0.24768408749022242,0.0,0.0,0.10067686658697203,0.0617022955437152,0.21605000000000002,0.0,moderate
Hgb_obs_rate,0.2474077265061239,0.0,0.0,0.11165845776647329,0.06578287300825662,0.20690000000000003,0.0,moderate
MAP_locf,0.2447822012709598,0.018366666666666667,0.03755,78.92558728574659,86.5617088333593,0.1976565387235466,0.0,moderate
Hct_locf,0.24092844789089235,0.13283333333333333,0.26195,31.47374726008984,32.0528252282483,0.10535390616524076,1.1796988798237944e-231,moderate
Glucose_slope6,0.22610804496984824,0.29228333333333334,0.3028,-0.3790640079975198,-0.2898787608776091,0.14072662156369475,0.0,moderate
Phosphate_obs_rate,0.22515881101806132,0.0,0.0,0.056386867869769534,0.033379800345632246,0.22058333333333335,0.0,moderate
O2Sat_obs_rate,0.21936638146611415,0.0,0.0,0.8557675985176737,0.8037260144410655,0.19358333333333333,0.0,moderate
Glucose_n_obs,0.20798391878528857,0.0,0.0,3.4682666666666666,6.323883333333334,0.17984999999999995,0.0,moderate
SBP_obs_rate,0.20587982128317514,0.0,0.0,0.8257377099701358,0.8051853525882121,0.18866666666666665,0.0,moderate
Hct_hours_since,0.19901900575815865,0.13283333333333333,0.26195,6.286699980780319,8.592123388207664,0.1412018736669447,0.0,moderate
Hct_mean6,0.19251397727717096,0.18748333333333334,0.28851666666666664,31.53619633625501,32.07525364582848,0.10519128196208072,9.605846074443718e-220,moderate
MAP_max6,0.19063328210741454,0.12851666666666667,0.1398,88.82363422327921,96.47425017437806,0.1819228276950774,0.0,moderate
Phosphate_hours_since,0.18741855532780616,0.3328,0.52765,8.828836930455635,11.467202992131542,0.09293617820890954,3.5730173653952754e-125,moderate
Phosphate_n_obs,0.186590595029344,0.0,0.0,1.4496833333333334,0.8784833333333333,0.19485000000000002,0.0,moderate
Hct_max6,0.18541152320404786,0.18748333333333334,0.28851666666666664,31.98848946968794,32.327104397200294,0.09518972482352661,6.072555293541528e-180,moderate
Hgb_locf,0.1834982169617513,0.16431666666666667,0.2612833333333333,10.713307474396583,10.507145506287326,0.1276026391803483,0.0,moderate
Hct_min6,0.17970509220109138,0.18748333333333334,0.28851666666666664,31.06551270526885,31.81610741836797,0.11392186171283925,9.085838966710353e-258,moderate
Creatinine_slope12,0.17955694785686405,0.4709333333333333,0.5287,-5.079704043319291e-05,-0.0017498585269388074,0.08311896856370171,2.4938497435132924e-90,moderate
WBC_obs_rate,0.17353464828714416,0.0,0.0,0.09274654986364766,0.05911746592271375,0.17333333333333334,0.0,moderate
DBP_std24,0.17044922000528012,0.70015,0.5706333333333333,6.599405756992477,8.074792754542981,0.188297426150127,0.0,moderate
Phosphate_dev,0.16687401227284018,0.3328,0.52765,1.009268491670186,1.1202226520567569,0.04773784180023399,2.668852011506359e-33,moderate
modified_shock_index,0.16390319491699268,0.018433333333333333,0.037766666666666664,1.1077504326723915,1.0026116387133772,0.16878096813495802,0.0,moderate
DBP_mean24,0.16131995111347053,0.6995333333333333,0.5706,60.94590797121731,66.04478387850409,0.21487599014067965,0.0,moderate
Magnesium_n_obs,0.1602390793724265,0.0,0.0,2.200616666666667,1.3814333333333333,0.17868333333333342,0.0,moderate
Phosphate_locf,0.15918434615084767,0.3328,0.52765,3.552243202933662,3.5033926110316265,0.015728216093368608,0.0005382828893711562,moderate
pH_mean24,0.15219105740971486,0.6813333333333333,0.8373666666666667,7.395775321088576,7.395640711726701,0.05208694764771904,1.1265684857972973e-15,moderate
Hgb_n_obs,0.15207988607486017,0.0,0.0,2.5217,1.6832833333333332,0.1691166666666667,0.0,moderate
bun_creatinine,0.14999753187059855,0.1802,0.2525833333333333,20.600770209200007,17.629933296019235,0.1523186906572459,0.0,moderate
Potassium_obs_rate,0.14445250469082901,0.0,0.0,0.12961028361152857,0.09198332199571888,0.1714666666666667,0.0,moderate
Hgb_dev,0.135420645034117,0.16431666666666667,0.2612833333333333,2.3214622740096766,3.0089787879287466,0.13176769538239594,0.0,moderate
BUN_n_obs,0.13363193562132142,0.0,0.0,2.3200666666666665,1.57185,0.15966666666666668,0.0,moderate
SaO2_obs_rate,0.13244549014045132,0.0,0.0,0.06732490847589603,0.029172660159696048,0.12468333333333337,0.0,moderate
Bilirubin_total_locf,0.13228501511795793,0.76185,0.6363833333333333,2.0520890242822216,1.4109455944818536,0.11100548354375356,4.047996311726525e-93,moderate
Calcium_obs_rate,0.1309853857706717,0.0,0.0,0.05578741287246812,0.0829577347772778,0.13584999999999997,0.0,moderate
Hct_std6,0.12994842060291634,0.19766666666666666,0.30355,0.4411584332517216,0.24751094983253405,0.1585840789763434,0.0,moderate
MAP_mean24,0.1289069529381544,0.564,0.571,79.43286571240206,86.33367925924021,0.2104096718775617,0.0,moderate
Hct_slope6,0.12352143580476888,0.2846666666666667,0.40386666666666665,-0.026854458439781417,-0.02599996258327631,0.08965695984664973,6.600579234115093e-137,moderate
Resp_std6,0.12235100285147645,0.13056666666666666,0.14056666666666667,2.7391744476924083,2.2040411023727207,0.1670199745385409,0.0,moderate
BUN_dev,0.12181422965881127,0.16245,0.2525833333333333,5.330548527055859,6.590282907656107,0.12234558470298171,1.3411669852332e-309,moderate
Bilirubin_direct_locf,0.1177964264053094,0.9762,0.9312166666666667,3.3715686240554357,0.9254470546148773,0.49095761396392823,1.86055208491515e-233,moderate
Calcium_locf,0.11680308324589299,0.34055,0.22808333333333333,8.34895368810883,7.731639655089643,0.11690705236227941,1.5359631314162209e-254,moderate
Temp_max6,0.11631644737444485,0.14966666666666667,0.14193333333333333,37.18523084703308,37.00488013519514,0.1663753972606562,0.0,moderate
Temp_slope6,0.11412792262468413,0.2241,0.23363333333333333,0.00643245704679589,0.004743161113717792,0.06314279532066569,1.2619693866802298e-80,moderate
SaO2_n_obs,0.1123719228533061,0.0,0.0,1.5403833333333334,0.7437166666666667,0.12025000000000008,0.0,moderate
WBC_n_obs,0.10747447347807698,0.0,0.0,2.117566666666667,1.5004166666666667,0.14118333333333327,0.0,moderate
AST_locf,0.10747065872731484,0.7552666666666666,0.63685,189.46697085262872,111.34916701087705,0.16453874452431083,5.281323285772305e-208,moderate
sofa_resp,0.10742988306966732,0.70285,0.7680333333333333,212.83349836975214,249.18935010517797,0.3276854156897642,0.0,moderate
Temp_locf,0.10716568284385088,0.0719,0.07665,36.94337190227237,36.804139805327246,0.13437079033928423,0.0,moderate
WBC_locf,0.1071096265859042,0.18453333333333333,0.27148333333333335,11.928887344439964,10.599021072527814,0.12478027783234491,9.174848288e-314,moderate
Hct_mean24,0.10349789812750233,0.5665833333333333,0.5959333333333333,31.410539858626805,31.882247264384045,0.10977906124623338,3.789584939118134e-132,moderate
Resp_locf,0.1026626203256361,0.020833333333333332,0.04053333333333333,18.77160425531915,18.597519455252918,0.06785261137984461,7.746945349112206e-117,moderate
Bilirubin_direct_dev,0.10123636043455184,0.9762,0.9312166666666667,1.1885886864371293,0.3561784658338804,0.34571541240678483,3.694194765071277e-113,moderate
SaO2_hours_since,0.10054292854944409,0.6536333333333333,0.7472,11.364883071889135,18.64418512658228,0.191627689614552,1.834444102568421e-282,moderate
Hct_slope12,0.09928737820854752,0.4301,0.5332,-0.026959091627662784,-0.02828046135546922,0.0963090897900527,9.359942052837797e-125,stable
Potassium_n_obs,0.09817544339982252,0.0,0.0,3.0788,2.3688666666666665,0.1332833333333333,0.0,stable
Alkalinephos_locf,0.09769762443198515,0.7604833333333333,0.6366,109.80819010507271,87.97511924417537,0.11555864999072402,3.158682600544779e-101,stable
AST_dev,0.09591993644407143,0.7552666666666666,0.63685,32.627280869164,23.4337644711605,0.10842416668051258,2.9228591994439963e-90,stable
Alkalinephos_dev,0.09530174873450338,0.7604833333333333,0.6366,32.83053969788917,24.55908326399416,0.08005729232548453,9.75764863599752e-49,stable
Temp_std6,0.09507078240272337,0.15325,0.14625,0.21240376209529835,0.18293607973537218,0.10273954486500864,7.333943683240472e-235,stable
Resp_min6,0.09093627545272148,0.13038333333333332,0.13933333333333334,15.508230829676641,15.925697134004647,0.10606362345224041,1.0795886219036065e-254,stable
Temp_obs_rate,0.09080404318139428,0.0,0.0,0.3550951810236089,0.3240035642033132,0.1232833333333333,0.0,stable
WBC_max6,0.08894397382100017,0.22576666666666667,0.29615,12.17256533318434,10.803215649388164,0.12597285699125133,1.8708948440077264e-306,stable
WBC_dev,0.08863768456200635,0.18453333333333333,0.27148333333333335,2.7229603012971095,3.047036896786212,0.10581783693819619,1.5034435969766636e-225,stable
sofa_liver,0.0884745576900208,0.76185,0.6363833333333333,0.5921338092238785,0.44909932621350324,0.0637073031345523,6.58609913603645e-31,stable
Platelets_obs_rate,0.08807842161098214,0.0,0.0,0.08113947911188006,0.0602825938927747,0.13230000000000003,0.0,stable
Bilirubin_total_dev,0.08726618675214226,0.76185,0.6363833333333333,0.6101024949075456,0.38007519689256225,0.04941618710274431,9.204672786679224e-19,stable
Creatinine_obs_rate,0.08713658544179001,0.0,0.0,0.08018620007786278,0.06176168295846243,0.13788333333333336,0.0,stable
WBC_mean6,0.08708146156853737,0.22576666666666667,0.29615,11.917721258631872,10.596260806083691,0.1241086133888768,1.965104946099925e-297,stable
Magnesium_dev,0.08698053152801394,0.22585,0.33631666666666665,0.5651460846486772,0.6570032773826823,0.07923432397114599,1.5914550833402452e-117,stable
WBC_min6,0.08322455090549559,0.22576666666666667,0.29615,11.655447324336379,10.385802848344275,0.12071381788345331,2.3502388958322396e-281,stable
Calcium_n_obs,0.08309384953478471,0.0,0.0,1.41875,2.08685,0.11246666666666669,0.0,stable
Creatinine_dev,0.08305632096192324,0.17913333333333334,0.25233333333333335,0.3319810091377058,0.4560278108608524,0.09601060125188376,8.22358519968929e-189,stable
Hct_std24,0.08278772885526733,0.5669166666666666,0.5971166666666666,1.166562025622362,0.8104466482061693,0.18768615980180253,0.0,stable
Resp_max6,0.08235181115346783,0.13038333333333332,0.13933333333333334,22.587231922111275,21.466576297443844,0.11004174300528935,3.550949793971181e-274,stable
Magnesium_hours_since,0.08233863299928547,0.22585,0.33631666666666665,7.720381493681241,9.22689033424575,0.06666260880829522,2.7786919548892937e-83,stable
Glucose_slope12,0.08212798110718705,0.43675,0.4447833333333333,-0.386532771018244,-0.2090727343484462,0.09289277644449667,1.974642473359763e-126,stable
Platelets_dev,0.07968786402381814,0.18208333333333335,0.2695166666666667,51.72370247780305,57.734490670045325,0.09308264031308544,5.031744173575165e-175,stable
MAP_dev,0.07668732825164626,0.018366666666666667,0.03755,4.3429165364810975,7.754170638088966,0.10656319629765876,8.783253778413028e-289,stable
Bilirubin_total_hours_since,0.07586894710227379,0.76185,0.6363833333333333,17.151375183707746,17.867351148187193,0.01033297245607484,0.313068365461454,stable
Bilirubin_total_n_obs,0.07567476117241012,0.0,0.0,0.39875,0.5476666666666666,0.12546666666666662,0.0,stable
SBP_max6,0.07533190672288499,0.15146666666666667,0.13455,133.5443736252584,140.32841065351133,0.11935201154846098,1.5223e-319,stable
Alkalinephos_hours_since,0.07442079900306331,0.7604833333333333,0.6366,17.620346531208686,17.882406897816914,0.01540843040101414,0.03237719941649919,stable
Alkalinephos_n_obs,0.0736724463622735,0.0,0.0,0.4746666666666667,0.5465666666666666,0.12388333333333335,0.0,stable
Calcium_dev,0.07354250813098825,0.34055,0.22808333333333333,2.4657729815280915,2.334412620325763,0.05410033656433887,1.0105347346426428e-54,stable
Lactate_n_obs,0.07334722219916658,0.0,0.0,1.1880333333333333,0.7388833333333333,0.11565000000000003,0.0,stable
Calcium_hours_since,0.07251263763574387,0.34055,0.22808333333333333,8.995248565723962,8.05935442081399,0.03890609205329987,1.68291636402627e-28,stable
Lactate_mean6,0.0721441951871357,0.6651,0.7759333333333334,1.9121442528778407,2.002946381420296,0.06020383163724369,8.036177803820425e-26,stable
Lactate_dev,0.07171357884303273,0.6468333333333334,0.7624833333333333,0.28601153891240333,0.24656535935173465,0.03308875205730588,1.53573294104969e-08,stable
Lactate_hours_since,0.07128555533955869,0.6468333333333334,0.7624833333333333,15.44700330344502,19.650621009051996,0.05724749981530142,1.0267059978705489e-24,stable
Temp_min6,0.06995003819410604,0.14966666666666667,0.14193333333333333,36.72277164029309,36.60599603394363,0.131374215099074,0.0,stable
Magnesium_locf,0.06931743771983323,0.22585,0.33631666666666665,2.034473928172749,2.055230896568308,0.04122876447486257,4.1940704049379625e-32,stable
age_shock_index,0.06831343783637767,0.046766666666666665,0.030533333333333332,45.269409607668734,41.62317902984292,0.11441821906074023,0.0,stable
Hgb_hours_since,0.06813889383384045,0.16431666666666667,0.2612833333333333,7.6155641092120225,8.514992216230851,0.039656583028734094,1.3884173203467854e-32,stable
SBP_mean6,0.06789766544761552,0.15146666666666667,0.13455,120.96226173871572,126.36998992778285,0.11241568650979439,1.983066000867343e-283,stable
AST_hours_since,0.06778426254709528,0.7552666666666666,0.63685,17.31633070008172,17.898664463720227,0.016887396379173053,0.013278977203612622,stable
AST_n_obs,0.06692696255644627,0.0,0.0,0.48423333333333335,0.5457666666666666,0.11841666666666673,0.0,stable
Potassium_dev,0.06676888850013886,0.14958333333333335,0.2187,0.8844959896298052,1.0274945080298443,0.07726108943040386,2.7227850655979077e-127,stable
Bilirubin_total_obs_rate,0.06672404889163416,0.0,0.0,0.015878276718365184,0.024689065285690596,0.12546666666666662,0.0,stable
Creatinine_slope6,0.06641048155363656,0.3295166666666667,0.39785,0.00023739092127824009,-0.0017342947043733224,0.046221476321358757,8.919569767205242e-36,stable
SBP_locf,0.06624759010965203,0.04671666666666666,0.030166666666666668,120.9231968459244,126.4854954460106,0.09964486424503738,8.996843337811138e-250,stable
Lactate_locf,0.06617009771358226,0.6468333333333334,0.7624833333333333,1.9229886714307527,2.023038382890241,0.06734531499557134,4.796419148861225e-34,stable
BUN_hours_since,0.06517995705986537,0.16245,0.2525833333333333,7.629236065508527,8.554309287545992,0.05250675067268107,3.1825850607776145e-57,stable
Lactate_obs_rate,0.06464047259613588,0.0,0.0,0.04963552103503995,0.029675926351931413,0.11909999999999998,0.0,stable
Temp_mean6,0.06436491585969047,0.14966666666666667,0.14193333333333333,36.95713882270583,36.807487878569006,0.12744731736425885,0.0,stable
Lactate_min6,0.06285603060616038,0.6651,0.7759333333333334,1.8295894275712614,1.914372210411648,0.0697448042992935,1.62780020055324e-34,stable
Lactate_max6,0.06269514658694497,0.6651,0.7759333333333334,2.0005817634059184,2.099908508420239,0.059466061430349104,3.341521742526814e-25,stable
Lactate_std6,0.05984217346204724,0.6694333333333333,0.7780833333333333,0.08084507075194365,0.08538903103514951,0.024054322298282638,0.00019482695499972895,stable
BUN_locf,0.05951206754797814,0.16245,0.2525833333333333,23.297932461743578,22.582238822611217,0.035520868264314776,2.0531974276262916e-26,stable
Platelets_n_obs,0.059501017290227096,0.0,0.0,1.8466,1.5324666666666666,0.09683333333333333,2.6806782154285296e-245,stable
Platelets_locf,0.05821748346932515,0.18208333333333335,0.2695166666666667,210.80722873153337,199.26840676264572,0.03448028040527573,2.38171027904806e-24,stable
SaO2_dev,0.057858777112907475,0.6536333333333333,0.7472,20.19390502464838,21.312079121502606,0.07516151442724493,1.5945327578036799e-43,stable
shock_index,0.05729547271509904,0.046766666666666665,0.030533333333333332,0.7244710636544,0.6888924323067452,0.09869815128099607,5.48260689094631e-245,stable
HR_dev,0.05609895274870551,0.017483333333333333,0.02815,4.463014355087942,7.069705014396981,0.10006453510740498,5.596946370404364e-256,stable
Potassium_hours_since,0.05531276934059613,0.14958333333333335,0.2187,6.418931896129348,7.523699816545075,0.06696204241230042,1.078048482290772e-95,stable
Alkalinephos_obs_rate,0.05502425418826191,0.0,0.0,0.019050182330829557,0.02464211401094605,0.12388333333333335,0.0,stable
Creatinine_std24,0.054199512187591246,0.5676166666666667,0.5913666666666667,0.07527947493787396,0.0921065520257598,0.12819996106280512,4.5891233622354043e-181,stable
Bilirubin_direct_hours_since,0.05341288324926237,0.9762,0.9312166666666667,21.27170868347339,28.50181730070269,0.12028375682717957,7.838797862001257e-14,stable
WBC_hours_since,0.05293406198335915,0.18453333333333333,0.27148333333333335,8.164711412688032,8.927501086682986,0.03551813716957963,9.710001809101848e-26,stable
Resp_mean6,0.05167339220283334,0.13038333333333332,0.13933333333333334,18.83610597842929,18.55129792928742,0.05960065925572666,1.3858673868977458e-80,stable
SBP_min6,0.05090408857723758,0.15146666666666667,0.13455,108.95198656492155,112.9765074044494,0.0945403760382223,2.0168794106302494e-200,stable
Platelets_hours_since,0.0507827396139094,0.18208333333333335,0.2695166666666667,8.190504330106979,8.876360400647973,0.0345401290782672,1.9667998009816968e-24,stable
sirs_score,0.050459331787499284,0.0,0.0,1.1673833333333334,0.9519,0.08568333333333333,4.55397036715867e-192,stable
Potassium_locf,0.05019491419449753,0.14958333333333335,0.2187,4.122721212095983,4.056441609513318,0.06370091982902898,1.2397074510594067e-86,stable
Lactate_slope6,0.05015446955546827,0.7042666666666667,0.8001666666666667,-0.011701702124998057,-0.012778843527364997,0.024200519143169355,0.00045070932473753687,stable
Creatinine_n_obs,0.04798546675575019,0.0,0.0,1.8687333333333334,1.5728333333333333,0.09106666666666674,5.974991609471912e-217,stable
AST_obs_rate,0.047837396657222614,0.0,0.0,0.01944341551674297,0.024601290280926818,0.11841666666666673,0.0,stable
Resp_std24,0.0463735664435282,0.56455,0.5711666666666667,3.425143945356913,3.0279852651476946,0.13448615540839848,6.213317162950203e-205,stable
hours_since_any_lab,0.046050150089547534,0.07163333333333333,0.1207,3.018024487451079,2.988684180598203,0.044344267841256724,9.770297564139318e-47,stable
sofa_coag,0.045909482588002974,0.18208333333333335,0.2695166666666667,0.40725420275089147,0.46558214880558535,0.027087044754943945,3.438485859245251e-15,stable
age,0.04500481953669329,0.0,0.0,63.008082382615406,61.07703333333333,0.09494999999999998,7.573514180135249e-236,stable
Glucose_std24,0.043255909967517873,0.5672833333333334,0.5870666666666666,16.26540683192093,19.173425010790496,0.13611607579306342,2.4622604851361925e-205,stable
Lactate_mean24,0.04260697296444388,0.796,0.8640666666666666,1.8300787072421776,1.9246769813403246,0.06413619068683546,5.996172089299733e-18,stable
Platelets_max6,0.04199277618056564,0.22208333333333333,0.2947166666666667,215.08786288162827,201.9145733393199,0.03972156387074133,7.273631671867705e-31,stable
Platelets_min6,0.041298610445392625,0.22208333333333333,0.2947166666666667,208.99461703267275,197.4407212231491,0.03578461789387488,3.955751333474531e-25,stable
Temp_mean24,0.04125161764920575,0.5694666666666667,0.5699,36.996225266531916,36.83737318672654,0.1451026103316052,1.1659676006354696e-237,stable
Creatinine_hours_since,0.04118232526008794,0.17913333333333334,0.25233333333333335,7.823316819621538,8.552407489968791,0.044364500778276916,1.3662729876473809e-40,stable
Platelets_mean6,0.04100782998347979,0.22208333333333333,0.2947166666666667,212.06504159327682,199.69073440635503,0.03780020917188154,5.440599626423233e-28,stable
WBC_mean24,0.03960805920126456,0.569,0.5966833333333333,11.942876588846488,10.595642032034707,0.12631743809474588,2.4706140454602435e-174,stable
Creatinine_locf,0.03895757433792601,0.17913333333333334,0.25233333333333335,1.3169191116203145,1.5810599638284502,0.13265240870113282,0.0,stable
sofa_renal,0.03853840410615353,0.17913333333333334,0.25233333333333335,0.5153090229838382,0.6254792688363798,0.035570646003761586,3.037259607838241e-26,stable
sofa_partial,0.03826612385851835,0.018,0.03305,1.2151561439239646,1.1606425702811245,0.07123504814429166,1.942761630454452e-129,stable
BUN_slope6,0.03806030583873071,0.31298333333333334,0.39805,-0.011941728801354348,-0.007826415978535685,0.02822472914793682,9.346287241236528e-14,stable
Resp_n_obs,0.03772773351705053,0.0,0.0,23.353166666666667,20.940316666666668,0.07911666666666667,8.81158378711747e-164,stable
BUN_max6,0.037234161351364044,0.20866666666666667,0.2784,23.824252316764955,23.026422764227643,0.03876407524605996,5.2834812026701776e-30,stable
Lactate_slope12,0.03612743011757005,0.7596666666666667,0.8347,-0.011391932580583882,-0.011709097955059882,0.0416678902926326,2.6578993624621797e-09,stable
BUN_mean6,0.03609809976753801,0.20866666666666667,0.2784,23.417089652776617,22.602239623071085,0.0388175151041929,4.378242136410337e-30,stable
Creatinine_mean6,0.03568962332220363,0.21835,0.27818333333333334,1.3209352741470424,1.584310989626757,0.12552764776748448,1.03183425303678e-309,stable
BUN_slope12,0.03541162928794522,0.4555,0.5288833333333334,-0.016261095879528186,-0.005437730656519058,0.056407186926874214,2.3577772643643388e-42,stable
Resp_dev,0.03527902212398056,0.020833333333333332,0.04053333333333333,1.473324608124523,2.044091764597239,0.0674998474329711,1.2518555763250098e-115,stable
Platelets_std24,0.035167822172529055,0.5692666666666667,0.59775,10.555953644952808,7.618547968946242,0.1210450380567416,8.3365753411183e-160,stable
SBP_std24,0.03515090257152017,0.5740833333333333,0.5705,12.160262669735232,13.770654463891178,0.1208123773303672,1.1766443442390546e-163,stable
Lactate_std24,0.034947040192616324,0.79705,0.86455,0.1926771910006958,0.20415175754402895,0.046973257410013014,8.751715958301259e-10,stable
BUN_min6,0.03487270292847154,0.20866666666666667,0.2784,23.02118786857624,22.19344743163341,0.036420022185402245,1.557082628634676e-26,stable
Platelets_std6,0.0348096163849554,0.23583333333333334,0.3101,2.962471611043976,2.1902803443352776,0.031618836018411534,2.496267013097263e-19,stable
BUN_std6,0.03471538444604741,0.22101666666666667,0.2939833333333333,0.3895509158369715,0.40791283840795106,0.03464268881582777,1.3234613193078757e-23,stable
SBP_dev,0.0338413759291389,0.04671666666666666,0.030166666666666668,9.048169913619747,11.06265153987258,0.0686004893504838,1.7845061456536287e-118,stable
Platelets_slope6,0.032729344926143475,0.3318833333333333,0.4102,-0.3898655833974252,-0.29096021137081446,0.025164459540806178,8.994373143325884e-11,stable
Resp_mean24,0.032166253405072044,0.5645333333333333,0.57115,19.09662000264628,18.656207568326455,0.07774418203999212,1.3439400577189808e-68,stable
SBP_mean24,0.03116103505789412,0.5738833333333333,0.5704833333333333,121.77377091173264,126.50781242835693,0.10828060198477962,1.6925059529158742e-131,stable
Platelets_slope12,0.03085237303846814,0.47408333333333336,0.5385,-0.42854605704602644,-0.31518448222510626,0.05001426882582302,1.6827889370578172e-32,stable
WBC_slope6,0.030812645843257096,0.33343333333333336,0.41215,-0.014378156678636261,-0.0034130022445637265,0.020928149854442107,1.4598934381641726e-07,stable
WBC_std6,0.030457626345534235,0.23925,0.3116,0.2513974794715912,0.20357152003403695,0.025353408237497765,1.5343453805052432e-12,stable
Resp_slope6,0.029814575957383713,0.1755,0.20061666666666667,0.03816959772560966,0.02678974764721583,0.04018697014532557,1.3100985432326847e-34,stable
Creatinine_mean24,0.02904631320087818,0.5671833333333334,0.5905833333333333,1.3283909327389325,1.6020751580307835,0.10978894287813468,5.578023978313109e-133,stable
WBC_slope12,0.02871794888226322,0.47431666666666666,0.5403,-0.016598844851327992,-0.0012803336341011293,0.04645371924655875,4.957575768509049e-28,stable
sirs_unmeasured,0.027923561704814942,0.0,0.0,0.2936,0.41046666666666665,0.07220000000000004,1.9446909227666443e-136,stable
SBP_std6,0.0274906444344628,0.15228333333333333,0.13498333333333334,9.460865118064493,10.570872215964592,0.06433219088315068,7.1719686439797634e-93,stable
Creatinine_min6,0.02586891455709444,0.21835,0.27818333333333334,1.2999594890828448,1.5587810843745316,0.13372737349599711,0.0,stable
Creatinine_max6,0.025120754803405615,0.21835,0.27818333333333334,1.3426011234136461,1.610074810921649,0.129060364342358,0.0,stable
rate_pressure_product,0.024491619774048436,0.046766666666666665,0.030533333333333332,10.249048621261746,10.583313946289016,0.05405633900995155,1.108651291306e-73,stable
Temp_slope12,0.024218772761173114,0.37261666666666665,0.3888666666666667,0.0035341441219470453,0.003650209249705491,0.057272897123293365,2.1076007064193017e-53,stable
Creatinine_std6,0.023393330815250947,0.23231666666666667,0.29375,0.020766419714376153,0.0251032299691466,0.055561245671460924,1.1591399860703822e-59,stable
n_labs_this_hour,0.02330807047261478,0.0,0.0,1.7072166666666666,1.0034666666666667,0.09453333333333336,8.809667889520753e-234,stable
Glucose_min6,0.020577262373061286,0.19298333333333334,0.2075,125.07348216686626,120.59132828609174,0.05994635944885007,2.1906008461370063e-75,stable
BUN_std24,0.020330150345973307,0.5671333333333334,0.5913833333333334,1.4684553342277826,1.5098719403313068,0.09832574141908818,1.3698246021121805e-106,stable
Fibrinogen_dev,0.02007167737989189,0.88925,0.9017,92.1552127839071,84.40751653895788,0.10234459858221825,6.109967546782213e-29,stable
WBC_std24,0.019937963063964434,0.5695833333333333,0.5979,0.8895112143429663,0.7132505525763093,0.08894945132760973,2.5553178153626812e-86,stable
Resp_hours_since,0.0197,0.020833333333333332,0.04053333333333333,0.2419063829787234,0.48900430794886046,0.09876754225160567,2.3618656627968075e-247,stable
qsofa_score,0.019606766971918856,0.0,0.0,0.42311666666666664,0.34373333333333334,0.06666666666666665,2.2700986957807637e-116,stable
Temp_std24,0.01932815442883615,0.56965,0.5699,0.39195286998463985,0.3552681746905476,0.0879838176591815,2.1977139376498745e-87,stable
sofa_cardio,0.019183333333333333,0.018366666666666667,0.03755,0.30170803762436754,0.15713370391535492,0.14457433370901263,0.0,stable
MAP_hours_since,0.019183333333333333,0.018366666666666667,0.03755,0.2116710244830045,0.27062877725249795,0.027152886589066227,4.146488200697144e-19,stable
SBP_slope6,0.017604617186819212,0.20011666666666666,0.19023333333333334,0.05553719620050469,-0.01672587433184844,0.03405309079273727,9.260417379670527e-25,stable
MAP_n_obs,0.016905115273440775,0.0,0.0,23.3397,22.888266666666667,0.04620000000000002,4.396582066197216e-56,stable
Resp_slope12,0.015660950505026736,0.32705,0.35746666666666665,0.03459477753348904,0.01986494431962862,0.03739202532627184,2.14805123614006e-24,stable
Glucose_dev,0.01433916964908009,0.14083333333333334,0.15371666666666667,23.815546539310766,22.698560768256726,0.02855016439295721,1.5103205896861604e-18,stable
HR_locf,0.01389798310758126,0.017483333333333333,0.02815,84.82599107733542,83.80310747543345,0.037286885296479444,7.559273918753052e-36,stable
HR_n_obs,0.011921206911759725,0.0,0.0,23.82445,23.471116666666667,0.04308333333333331,7.968551136546379e-49,stable
SBP_slope12,0.011859355385422234,0.34936666666666666,0.3474,0.07339984973037254,0.02117542666780296,0.03324666446445429,3.3054159138845047e-19,stable
Platelets_mean24,0.01169674646179434,0.5686333333333333,0.5965333333333334,211.87235494699428,198.02238492467745,0.040454813020177505,3.171685338540803e-18,stable
n_sparse_labs_this_hour,0.011296719435763852,0.0,0.0,0.384,0.2769666666666667,0.03279999999999994,1.782991856952567e-28,stable
HR_hours_since,0.010666666666666668,0.017483333333333333,0.02815,0.1565198215467083,0.17147707979626486,0.03333597633603158,9.732804306572004e-29,stable
HR_std6,0.009828373513807415,0.1284,0.13356666666666667,5.179577855037139,4.996056975515829,0.042862014438042995,4.691170744118471e-42,stable
O2Sat_n_obs,0.009723187345145528,0.0,0.0,22.9502,23.01245,0.036750000000000005,1.2233925576577625e-35,stable
HR_max6,0.009604330654814712,0.12836666666666666,0.13316666666666666,91.95206700059177,90.72572582195731,0.04012505971557592,6.447385870034772e-37,stable
O2Sat_min6,0.00940849144071081,0.12913333333333332,0.13351666666666667,95.3553548189543,95.16504452865028,0.03806994857041893,2.9765082233575126e-33,stable
Glucose_max6,0.009257773951915349,0.19298333333333334,0.2075,139.09809276966607,142.90857896999356,0.02667585309369558,2.9008531489671164e-15,stable
HR_mean6,0.009164623837881723,0.12836666666666666,0.13316666666666666,84.87262864991618,83.83699160346478,0.03869717923806543,2.295034794344154e-34,stable
O2Sat_locf,0.008732064165817214,0.019766666666666665,0.02955,97.18902812255585,97.09157263812321,0.026421976721023643,3.53247218701249e-18,stable
Temp_n_obs,0.008531240496128134,0.0,0.0,9.018733333333333,9.2451,0.0348,5.318717746248635e-32,stable
O2Sat_std24,0.008110804845989633,0.5641,0.5698666666666666,1.7026186109941308,1.8144822875950115,0.05862474062139744,2.999429451165789e-39,stable
O2Sat_slope6,0.0077561308779467136,0.17465,0.18941666666666668,-0.036415527676066865,-0.023952229349497006,0.022702311834015276,2.036606653577369e-11,stable
BUN_mean24,0.007655663271407823,0.5667333333333333,0.5906,23.9893053043648,23.320488775578177,0.0400404441363206,4.960335479014543e-18,stable
SBP_hours_since,0.007531057874021883,0.04671666666666666,0.030166666666666668,0.6711365980733255,0.2121326688434439,0.026584665643497707,3.8334799336617485e-18,stable
SBP_n_obs,0.007378909106269375,0.0,0.0,21.943516666666667,23.047116666666668,0.016550000000000002,1.4407731399095393e-07,stable
MAP_slope6,0.007334404375983391,0.17345,0.19646666666666668,-0.021282034964219695,-0.026616817447040465,0.015996550174456003,7.289533748203768e-06,stable
Glucose_locf,0.00714209001690797,0.14083333333333334,0.15371666666666667,131.91954568383764,131.65601236833322,0.018403364575791947,5.8904908833463765e-08,stable
log_iculos,0.006369150943181178,0.0,0.0,2.9907220298469066,2.9414967412908872,0.02905000000000002,1.9884843416940035e-22,stable
iculos,0.006369150943181178,0.0,0.0,26.65755,26.705716666666667,0.02905000000000002,1.9884843416940035e-22,stable
HR_min6,0.0062298687583663215,0.12836666666666666,0.13316666666666666,78.61082641783625,77.9551432416843,0.034812218847090515,6.826947341272645e-28,stable
MAP_std6,0.006208964873920577,0.1286,0.14055,7.126222610792448,7.349190131829346,0.028064371257531695,3.381595869177152e-18,stable
Glucose_mean6,0.0058974641377724825,0.19298333333333334,0.2075,131.9929035078285,131.5611637431565,0.017718432211206836,5.668431911790888e-07,stable
Fibrinogen_locf,0.00579345476240788,0.88925,0.9017,310.1054176072235,300.3178195998644,0.05446074615338095,1.6861664198153794e-08,stable
O2Sat_mean6,0.005613819147669926,0.12913333333333332,0.13351666666666667,97.18145082205531,97.0903458860802,0.030023079508717854,7.67675401422042e-21,stable
O2Sat_hours_since,0.005149666716801888,0.019766666666666665,0.02955,0.30829394361886625,0.23611039552097823,0.010608826397750404,0.002738616786824628,stable
MAP_std24,0.004963320251166611,0.564,0.5710333333333333,9.166648883944,9.45468910420659,0.04775465862420247,3.7617468208501494e-26,stable
O2Sat_std6,0.004708670475234305,0.12928333333333333,0.13405,1.2819441149029571,1.3369075606350462,0.02675786751877307,1.231592413466046e-16,stable
MAP_slope12,0.004591251969226103,0.3253666666666667,0.35163333333333335,0.006091910211397097,0.007627071201985927,0.011154126572122003,0.014258632333605813,stable
O2Sat_slope12,0.004471265360136204,0.32638333333333336,0.347,-0.0313347932873459,-0.02118108742967849,0.027305632300369198,2.555183676131466e-13,stable
HR_std24,0.0043843679491814315,0.564,0.5698666666666666,7.552647420698077,7.494026691641436,0.03369749038299291,2.986891401374618e-13,stable
HR_mean24,0.0043363360659384115,0.564,0.5698666666666666,85.3161862534485,84.61607199667111,0.034461660893618545,7.708735331560374e-14,stable
O2Sat_max6,0.004267398394479501,0.12913333333333332,0.13351666666666667,98.56349039271224,98.50957894939314,0.02086725458931815,2.739644770024593e-10,stable
Glucose_mean24,0.004256642853646653,0.5669666666666666,0.5867333333333333,131.46312973018644,130.8020303393587,0.020496249472673367,4.6238877115441415e-05,stable
O2Sat_mean24,0.0041050479752472,0.5641,0.5698666666666666,97.1915654406103,97.07156871167754,0.036115286627193266,3.715497022391435e-15,stable
temp_hr_coupling,0.003998154324469447,0.07193333333333334,0.07685,85.44328303529257,85.7746665644808,0.016071462936927183,1.1650148258282525e-06,stable
HR_slope6,0.0036581593934604385,0.17248333333333332,0.18818333333333334,-0.001081716966804057,-0.017481369187563205,0.017029824672963212,1.2645787100172246e-06,stable
HR_slope12,0.003519862479085664,0.32438333333333336,0.34576666666666667,-0.011430812140217125,-0.004947478932459914,0.016462746606780543,3.993153981422661e-05,stable
Fibrinogen_hours_since,0.003420614318476961,0.88925,0.9017,19.12400300978179,23.152763648694474,0.036755850205946405,0.00041654019884558737,stable
Fibrinogen_obs_rate,0.0025700062488365266,0.0,0.0,0.011302372085865741,0.007742395097956372,0.015033333333333343,2.5548346725077874e-06,stable
Temp_hours_since,0.0017560526320541648,0.0719,0.07665,1.6786445426139425,1.6765401346546092,0.017461280979407245,8.723425021223678e-08,stable
Fibrinogen_n_obs,0.0016577633451200337,0.0,0.0,0.26726666666666665,0.19811666666666666,0.012449999999999961,0.0001812642448727412,stable
ward_before_icu,0.0,0.0,0.0,0.4179833333333333,0.5878,0.16981666666666673,0.0,stable
acidotic,0.0,0.0,0.0,0.11941666666666667,0.06903333333333334,0.050383333333333336,1.2667130102851626e-66,stable
gender,0.0,0.0,0.0,0.5792833333333334,0.53985,0.03943333333333332,5.708706642084427e-41,stable
unit_micu,0.0,0.0,0.0,0.26455,0.34098333333333336,0.07643333333333335,7.102659290439074e-153,stable
unit_sicu,0.0,0.0,0.0,0.25351666666666667,0.3604833333333333,0.10696666666666665,2.2962609899693887e-299,stable
lactate_shock,0.0,0.0,0.0,0.018733333333333334,0.016483333333333332,0.0022499999999999742,0.9980198201318322,stable
lactate_high,0.0,0.0,0.0,0.10216666666666667,0.07815,0.024016666666666686,1.8288950211623545e-15,stable
age_over_65,0.0,0.0,0.0,0.5037,0.4337,0.07,2.882074644130926e-128,stable
TroponinI_obs_rate,0.0,0.0,0.0,0.0016270949369839704,0.026496049610412836,0.26444999999999996,0.0,stable
hypoxic,0.0,0.0,0.0,0.027216666666666667,0.031566666666666666,0.004349999999999965,0.6197613974941092,stable
tachycardic,0.0,0.0,0.0,0.17168333333333333,0.16103333333333333,0.010650000000000048,0.0021997222515958963,stable
hypotensive,0.0,0.0,0.0,0.14963333333333334,0.061483333333333334,0.08814999999999995,2.797464725138711e-203,stable
EtCO2_n_obs,0.0,0.0,0.0,0.0,3.2681833333333334,0.1725,0.0,stable
EtCO2_obs_rate,0.0,0.0,0.0,0.0,0.0871248624265582,0.1725,0.0,stable
Bilirubin_direct_n_obs,0.0,0.0,0.0,0.0465,0.08298333333333334,0.044983333333333375,3.4431248968473044e-53,stable
Bilirubin_direct_obs_rate,0.0,0.0,0.0,0.001776725653752995,0.003560051852177518,0.044983333333333375,3.4431248968473044e-53,stable
TroponinI_n_obs,0.0,0.0,0.0,0.039016666666666665,0.5383166666666667,0.26444999999999996,0.0,stable
qsofa_sbp,0.0,0.0,0.0,0.16206666666666666,0.12986666666666666,0.032200000000000006,1.853712257867216e-27,stable
qsofa_resp,0.0,0.0,0.0,0.26105,0.21386666666666668,0.047183333333333355,1.769003750185171e-58,stable
sirs_wbc,0.0,0.0,0.0,0.34891666666666665,0.2358,0.11311666666666664,0.0,stable
sirs_resp,0.0,0.0,0.0,0.3502166666666667,0.28515,0.0650666666666666,7.233680884372314e-111,stable
sirs_hr,0.0,0.0,0.0,0.33898333333333336,0.3216833333333333,0.017299999999999982,3.138773269236543e-08,stable
sirs_temp,0.0,0.0,0.0,0.12926666666666667,0.10926666666666666,0.020000000000000018,7.435696315866069e-11,stable
any_lab_this_hour,0.0,0.0,0.0,0.30635,0.25116666666666665,0.05518333333333336,7.603620296731767e-80,stable
unit_unknown,0.0,0.0,0.0,0.4819333333333333,0.2985333333333333,0.1834,0.0,stable
EtCO2_locf,,1.0,0.8275,,33.54280193236715,,,
EtCO2_hours_since,,1.0,0.8275,,13.354782608695652,,,
EtCO2_dev,,1.0,0.8275,,6.213034216927247,,,
EtCO2_mean6,,1.0,0.8389666666666666,,33.56678655620836,,,
EtCO2_min6,,1.0,0.8389666666666666,,32.36524529083005,,,
EtCO2_max6,,1.0,0.8389666666666666,,34.79812668184641,,,
EtCO2_std6,,1.0,0.8402333333333334,,0.9933217932822918,,,
EtCO2_mean24,,1.0,0.8974666666666666,,33.957271568486846,,,
EtCO2_std24,,1.0,0.8977833333333334,,1.7735274395688905,,,
EtCO2_slope6,,1.0,0.85275,,0.023033389902816497,,,
EtCO2_slope12,,1.0,0.87685,,0.019059863844466705,,,
