feature,n_septic,n_control,mean_septic,mean_control,hedges_g,univariate_auc,welch_t,p_welch,p_mannwhitney,q_welch,q_mannwhitney,significant,abs_g
O2Sat_n_obs,1253,12981,26.403100805908608,16.70251443400243,0.9780520228159353,0.5265966718009433,13.17239505021684,3.1302535722881984e-37,0.0018432693469196374,8.582111877356811e-36,0.0028605453544177394,True,0.9780520228159353
MAP_n_obs,1253,12981,26.69874337003979,17.008644573586203,0.9754451664238011,0.5236321819236943,13.027293300766122,1.690112328680511e-36,0.005652935377210141,4.0544489707561995e-35,0.008415455833041341,True,0.9754451664238011
FiO2_n_obs,1253,12981,6.895708527329771,2.890380585064952,0.9745744882363693,0.6518832577025062,16.733737569532913,4.80945838497023e-57,6.498555206492486e-76,5.274372695517352e-55,3.5633744382267134e-74,True,0.9745744882363693
HR_n_obs,1253,12981,27.092053688152827,17.41569440568341,0.9687731695973921,0.520364467854762,12.879473412034702,9.270342690868446e-36,0.01709542589500456,2.033295163530479e-34,0.02383218270956144,True,0.9687731695973921
Resp_n_obs,1253,12981,26.721644765171924,17.022240106975485,0.9685988861456053,0.5241551391366829,13.025331571500681,1.72529743436434e-36,0.004676512387392648,4.0544489707561995e-35,0.007057672364459547,True,0.9685988861456053
Bilirubin_direct_hours_since,76,334,21.270798418082688,10.863462062652953,0.9466285400440462,0.5827095808383234,4.114617734624779,9.551952728737865e-05,0.024369631995380447,0.00018485837927969165,0.03340670386033403,True,0.9466285400440462
iculos,1253,12981,29.83000798084597,19.947153532085355,0.8987111835485402,0.5174393258044955,12.55631032903564,3.578149845514347e-34,0.04109287640464014,6.195848943022211e-33,0.054078225348506426,True,0.8987111835485402
Magnesium_n_obs,1253,12981,2.837614559639076,1.5541508436362563,0.8206458089335453,0.6036257301096888,13.958485451303014,2.400046120565957e-41,6.808663489058979e-34,7.896151736661999e-40,8.000179599644301e-33,True,0.8206458089335453
Phosphate_n_obs,1253,12981,1.888831301786285,1.0014550065807266,0.811121066791254,0.6285031170549282,15.692958941645815,5.473227701926165e-51,1.8818803836543958e-51,3.001153189889514e-49,4.762604970940741e-50,True,0.811121066791254
Calcium_n_obs,1253,12981,1.8520641101959792,0.9898833502449916,0.8109474210518248,0.6309538103851581,15.668864137948761,7.544827325967587e-51,2.0903552385027706e-53,3.5460688432047654e-49,6.2520624860673776e-52,True,0.8109474210518248
cum_labs,1253,12981,62.901944581558965,36.64541494965039,0.7909215540540766,0.5861451505678414,13.540108778325553,3.708142454694035e-39,6.2915541007897455e-24,1.109071697813034e-37,3.980617882999666e-23,True,0.7909215540540766
Fibrinogen_hours_since,236,1547,19.66484554907528,11.917540875476025,0.7467783835874829,0.5326301315832722,5.287267634715857,2.77467833044188e-07,0.10587771767637745,6.968466952025791e-07,0.12806532763061831,True,0.7467783835874829
SBP_n_obs,1253,12981,23.709416343013668,16.33214341894417,0.7399156526030538,0.48364661273924014,10.15650818127667,2.3562797713188832e-23,0.05550161703948255,1.6150334265914845e-22,0.07023089233072985,True,0.7399156526030538
BUN_n_obs,1253,12981,2.842208736557558,1.712557156904516,0.73397098317738,0.5773876768631027,12.387371146533043,2.2243550102682074e-33,1.2827834095433117e-19,3.1817947755575664e-32,6.2990409214888e-19,True,0.73397098317738
HCO3_n_obs,1253,12981,2.832119251587276,1.6922376458135282,0.733153175122922,0.5793574967109213,12.436597635618696,1.2816209627983295e-33,1.506668917997164e-20,2.1082664838032518e-32,7.995065710017208e-20,True,0.733153175122922
DBP_n_obs,1253,12981,18.122131441010005,9.776880804141246,0.7232964250738324,0.5626723888244056,12.02311761102258,1.2354352738109193e-31,5.427476726901096e-14,1.4516364467278302e-30,1.8036766092428892e-13,True,0.7232964250738324
Chloride_n_obs,1253,12981,2.9271419901379994,1.7474037328485752,0.7096385386894861,0.5759952556357616,11.89552849349405,4.91112368148182e-31,5.644296119364602e-19,5.385865637358396e-30,2.6912658308274694e-18,True,0.7096385386894861
Creatinine_n_obs,1253,12981,2.157682700845259,1.393090310962606,0.6940002234972817,0.5680894472017639,12.5727024705853,2.7014095657323506e-34,1.54795924383146e-15,5.3194404591493616e-33,5.658651013561671e-15,True,0.6940002234972817
Lactate_n_obs,1253,12981,1.9988077504014787,0.7569802217423691,0.6755907897815292,0.6556357185555683,12.209501924768952,1.5533442645537144e-32,1.2483328351511804e-96,1.9655779347622e-31,1.0267537569118459e-94,True,0.6755907897815292
WBC_n_obs,1253,12981,2.550712598747881,1.586284480465958,0.6611579686293235,0.5712125580065358,11.844183749721488,8.343852946996147e-31,7.503013664249177e-17,8.855250385683008e-30,3.2480151257078675e-16,True,0.6611579686293235
hours_since_any_lab,1241,12915,1.6297070450276305,3.2213291237766066,-0.6498966750174193,0.26184327389492384,-29.55923699217068,1.2550436441205987e-156,1.3613263628444784e-169,4.12909358915677e-154,4.478763733758334e-167,True,0.6498966750174193
any_lab_this_hour,1253,12981,0.40879376710846677,0.2871428948236124,0.6393062911732125,0.6799931915963124,21.183240049259744,2.782786334391917e-87,1.3006737117604245e-98,4.5776835200747037e-85,1.4264055038972657e-96,True,0.6393062911732125
Potassium_n_obs,1253,12981,3.637902429040465,2.294609091724971,0.6310637350250626,0.5603213561622048,11.318745964644636,2.157823424947526e-28,1.624570088882616e-12,1.972010852243711e-27,4.948921844836858e-12,True,0.6310637350250626
SaO2_hours_since,553,5017,12.537583937211666,8.033109175571116,0.5863183049518317,0.4874560310495851,6.165834513167625,1.3340358617132706e-09,0.3321942764942388,4.026585307373083e-09,0.3655248059083765,True,0.5863183049518317
BaseExcess_n_obs,1253,12981,4.39233243225346,2.4052390026410886,0.5822291275659673,0.6039146907140911,11.25369210995155,4.128863939206401e-28,6.780573562783408e-36,3.6713411783754215e-27,9.295036258982254e-35,True,0.5822291275659673
Platelets_n_obs,1253,12981,2.0685481519601105,1.3990127688155982,0.5594214942155048,0.5505515981273631,10.596385177527551,3.1618385488130784e-25,3.2299171718499902e-09,2.4191741454872157e-24,8.050323860141263e-09,True,0.5594214942155048
n_labs_this_hour,1253,12981,2.2282318861981154,1.6459138288635664,0.5584447016322527,0.6497941340136573,14.943072817404653,6.139210634514141e-47,7.051665621863991e-69,2.5247503734439404e-45,3.314282842276076e-67,True,0.5584447016322527
SBP_obs_rate,1253,12981,0.7274323035411463,0.8322771682943114,-0.5512497413924589,0.40916707843552796,-12.388645955433516,1.8869810616082344e-33,1.682140414589164e-26,2.9392824698999414e-32,1.203096079130076e-25,True,0.5512497413924589
pH_n_obs,1253,12981,4.550697842220414,2.6028453907071647,0.5453008155890517,0.595650663352104,10.654584280789637,1.7647872323236787e-25,2.364922485445912e-30,1.4161341449621716e-24,1.9950243531069361e-29,True,0.5453008155890517
Hgb_n_obs,1253,12981,2.888487317036698,1.9136567470461117,0.5447470962834496,0.5534136606924984,10.43006983964764,1.6035380307621589e-24,3.9859871757274405e-10,1.1468782872190225e-23,1.0407855403288317e-09,True,0.5447470962834496
n_sparse_labs_this_hour,1253,12981,0.49480951810515794,0.37237486265331116,0.5347710841851601,0.6249121667354331,12.557012543594647,2.7486470457610683e-34,1.8874913067503826e-48,5.3194404591493616e-33,3.8811539995054744e-47,True,0.5347710841851601
PaCO2_n_obs,1253,12981,3.5282268861869124,2.033034725418185,0.5331738847130189,0.5982186009105456,10.910239454384563,1.351679723926914e-26,2.6772686094171916e-32,1.1117565729298865e-25,2.75256678905705e-31,True,0.5331738847130189
Alkalinephos_n_obs,1253,12981,0.7203892992775224,0.30412571757355145,0.5011470270225377,0.6090498895401979,10.08998653878069,4.123904892238105e-23,1.7154304195500436e-58,2.7689075705027276e-22,6.27085120035516e-57,True,0.5011470270225377
PTT_n_obs,1253,12981,1.7032961544223242,1.072960635844333,0.4980228701244432,0.5644725211683624,10.288089012028239,6.19301947237165e-24,3.181742632376444e-14,4.335113630660155e-23,1.0681564551549489e-13,True,0.4980228701244432
sirs_score,1253,12981,1.4383287086431755,1.0901492435983609,0.49518979327895774,0.637876968321249,16.237916144003336,1.0482471972757771e-54,1.2328542270974885e-58,7.202744631417124e-53,5.0701130089384213e-57,True,0.49518979327895774
AST_n_obs,1253,12981,0.7263331134377697,0.31237861797957983,0.4911481629803366,0.6082696344273321,10.069022228964624,5.0037353471021336e-23,1.5525638099284948e-56,3.2278998611698074e-22,5.107934934664748e-55,True,0.4911481629803366
Resp_min6,1252,12966,16.794603669224454,15.151631878239863,0.4873487967749725,0.6223783732238506,14.157843416307005,1.137976259510672e-42,1.5480984332397757e-46,4.159935437544568e-41,2.829579914088257e-45,True,0.4873487967749725
DBP_dev,898,8165,13.02955657010898,6.943249965487775,0.4863109245156975,0.6177424282306603,10.521153746762996,1.2694697306938692e-24,4.092985797922842e-31,9.281234253295176e-24,3.740534243101709e-30,True,0.4863109245156975
Hct_n_obs,1253,12981,3.707389581214164,2.579724741234254,0.48006498018618454,0.5295485888178517,9.033241383831124,5.842154960532861e-19,0.0005401209969203079,2.8265720323754577e-18,0.0008900949437178605,True,0.48006498018618454
SBP_dev,1168,12878,16.835697212792322,9.92471131454214,0.46917582422211435,0.5838813392596911,10.004837682303155,1.0239455587265352e-22,1.9352770981518094e-21,6.47842478501981e-22,1.1170283601613074e-20,True,0.46917582422211435
FiO2_hours_since,999,7380,3.331926478615573,5.966189473889627,-0.4596930141641165,0.26059711472990604,-11.087445166186088,3.1915230521801913e-27,1.3090676782223477e-133,2.763187063598113e-26,2.153416330675762e-131,True,0.4596930141641165
Lactate_obs_rate,1253,12981,0.08748961797385724,0.04398302155004792,0.45724916921792685,0.6466472300697569,11.417918235108043,6.601167491327386e-29,5.2577079419702804e-86,6.387600307784442e-28,3.4595718258164444e-84,True,0.45724916921792685
Temp_n_obs,1253,12981,9.631338020018097,6.825188394475638,0.457230130535832,0.507212149280983,8.528760788359882,4.040920056475922e-17,0.39838440730686075,1.7965712142980787e-16,0.4297326885375646,True,0.457230130535832
sirs_temp,1253,12981,0.20235947460710635,0.12204817466781619,0.4495110037772653,0.6170379902654706,12.369954941051354,1.9654776394467694e-33,2.6779192573847494e-46,2.9392824698999414e-32,4.6370286088399085e-45,True,0.4495110037772653
Resp_locf,1252,12966,20.060546267146883,18.470030605618312,0.4368300224248764,0.6076179701248633,12.519326581252976,3.4972102996550837e-34,2.21041587358942e-36,6.195848943022211e-33,3.161855749612692e-35,True,0.4368300224248764
Bilirubin_total_hours_since,596,3449,15.080757118911551,11.146010432114771,0.4297162299843065,0.4782728093543309,5.239511057267259,2.2082942643907955e-07,0.0897750300406782,5.588683176804398e-07,0.11020889881859376,True,0.4297162299843065
Resp_mean6,1252,12966,20.090899871941954,18.49766429721362,0.42912515536112633,0.6054792048902536,12.290512863650996,4.6038095720911676e-33,5.116310627410235e-35,6.311055621741642e-32,6.299914344383839e-34,True,0.42912515536112633
tachycardic,1253,12981,0.26644314166845223,0.15541766868765333,0.4278586483751387,0.6158467348035772,12.10215058006984,3.7707940187382206e-32,8.292886487790464e-47,4.594782341351387e-31,1.6049174438135662e-45,True,0.4278586483751387
Alkalinephos_hours_since,595,3394,15.331360035132962,11.27743149250658,0.4227249668354355,0.4738852052311791,5.093701151884127,4.668800373256843e-07,0.04182572231562119,1.146295017016046e-06,0.05482335713880228,True,0.4227249668354355
Bilirubin_direct_dev,76,334,2.0819705371263795,1.0429563613129456,0.4135497683930611,0.6009691144027735,2.370688098626496,0.01996194507748136,0.005991736196113486,0.028308103148669685,0.008879645083429446,True,0.4135497683930611
Bilirubin_total_n_obs,1253,12981,0.5466904371816306,0.26145093027505456,0.4119227449246994,0.6040973199641714,9.599057403990287,3.7538866255689806e-21,5.784584923693336e-53,2.245506726931263e-20,1.5859403665792564e-51,True,0.4119227449246994
qsofa_resp,1253,12981,0.3419874238942178,0.23744616399371135,0.41034598026148633,0.5956766390660104,11.870643984791998,4.664520919175217e-31,2.9549270501556553e-29,5.291818560029815e-30,2.371148779271245e-28,True,0.41034598026148633
AST_hours_since,602,3509,15.060602826434513,11.213865704959735,0.41027421745683185,0.47609350990192284,4.9957399442414685,7.611469235445057e-07,0.06050715867003956,1.8278637798988492e-06,0.0756914646480723,True,0.41027421745683185
sirs_resp,1253,12981,0.4342955804949497,0.32144312212035187,0.39722554328075516,0.6018472698110622,12.222933851797103,9.01847820966264e-33,8.078261763128135e-33,1.1868317323916034e-31,8.57338103248115e-32,True,0.39722554328075516
Fibrinogen_dev,236,1547,175.6269218477152,118.89250402299912,0.39428102076706206,0.5893418645163411,4.378701452985182,1.705618444922611e-05,9.279854174502438e-06,3.574194066111714e-05,1.828186840366049e-05,True,0.39428102076706206
HR_dev,1253,12980,7.420541908473805,4.941131661748697,0.3908675430855362,0.575025239886522,10.07684691388257,4.306255634134607e-23,1.5621061265789167e-18,2.8335162072605714e-22,7.040176926636487e-18,True,0.3908675430855362
Resp_mean24,797,10307,20.159531296570897,18.702994511686565,0.3901730868131096,0.5976212825845051,9.220981044870275,2.0941180008423748e-19,3.6629605757516855e-20,1.043886094359305e-18,1.882990670972351e-19,True,0.3901730868131096
Bilirubin_direct_locf,76,334,4.249040300810807,2.4323207229866597,0.3888012799501429,0.5878900094547747,2.1572488191300088,0.03378827324106588,0.016672494406613128,0.04555877826356834,0.023441242135793672,True,0.3888012799501429
SaO2_dev,553,5017,35.10276016105256,25.782448187386624,0.38815887406451854,0.5868538830543962,7.482651158089982,2.4200670488227606e-13,1.8902451926879054e-11,8.94609055126616e-13,5.315304858071118e-11,True,0.38815887406451854
HR_max6,1253,12980,96.7207137714456,91.08022112618609,0.369850346043654,0.6009772232312711,11.376281617217144,8.74300951937165e-29,2.9347965503130855e-32,8.21842894820935e-28,2.925903227433349e-31,True,0.369850346043654
sirs_hr,1253,12981,0.4454575635437799,0.31953466803526515,0.36790035689100786,0.6015044211279879,11.695310915397407,2.8320692644029378e-30,3.78981836362067e-33,2.91172121246427e-29,4.156167472104001e-32,True,0.36790035689100786
unit_sicu,1253,12981,0.12130885873902633,0.283260149449195,-0.36714021533467545,0.41902435464491566,-16.132377092360265,1.094642041248803e-54,5.170142471074883e-35,7.202744631417124e-53,6.299914344383839e-34,True,0.36714021533467545
PaCO2_dev,1007,7810,11.623551540700644,8.02740295158342,0.36508812842896354,0.5930906827622774,9.243907027201994,1.0759727668547741e-19,5.9401037316347605e-22,5.531172504612823e-19,3.4898109423354215e-21,True,0.36508812842896354
Fibrinogen_locf,236,1547,366.25539724705584,305.77196404544014,0.36184417316818196,0.5861385623349731,4.272999218489948,2.6495330165554564e-05,1.9670029604982687e-05,5.380841743498427e-05,3.719218241401899e-05,True,0.36184417316818196
HR_locf,1253,12980,89.13386234243869,84.0809403303408,0.35678850725847666,0.5967211819522207,10.963597592222895,6.307962683637592e-27,9.799774351621996e-30,5.321332622863507e-26,8.060314404209092e-29,True,0.35678850725847666
AST_obs_rate,1253,12981,0.03305573425796471,0.017598239745926246,0.3540827841109179,0.6005042792913677,8.371188293576568,1.4058618618849432e-16,5.7783512342521235e-49,6.085902007370346e-16,1.2673850373792993e-47,True,0.3540827841109179
BUN_hours_since,1177,12764,6.0521925904027665,7.015722772288065,-0.34922872915991804,0.42180611916427013,-9.46436292276327,1.312156945691141e-20,6.012844137882639e-19,7.19499391887309e-20,2.8260367448048406e-18,True,0.34922872915991804
Temp_std6,1236,12821,0.24813358538794536,0.20825173422568158,0.3486279556389863,0.5759247507818004,8.740814758036004,6.723910885007409e-18,1.042616356555691e-18,3.072453723843663e-17,4.831278609955244e-18,True,0.3486279556389863
Alkalinephos_obs_rate,1253,12981,0.03217757866181997,0.01714330340981332,0.34793964972454006,0.6016851444676986,8.355975887031928,1.58500323642232e-16,4.294558266860165e-51,6.772286555622639e-16,1.0092211927121388e-49,True,0.34793964972454006
HR_mean6,1253,12980,89.07735584073322,84.10859098419753,0.3459611822804759,0.5937125628845163,10.615161563703104,2.110718084717363e-25,5.135650610604811e-28,1.653395833028601e-24,3.9293698857883324e-27,True,0.3459611822804759
Chloride_hours_since,1179,12684,6.035655974937355,7.003606417621961,-0.34090220711674646,0.42241312209969,-9.42393052987184,1.8631783143398485e-20,1.072511657167529e-18,1.0008111095268734e-19,4.90078243344607e-18,True,0.34090220711674646
BUN_locf,1177,12764,28.030739785050983,21.972430598386513,0.33716436457377513,0.602339390708841,9.566871742517813,5.1179269518558454e-21,2.655722923342438e-31,3.0067820842153095e-20,2.5698024758225355e-30,True,0.33716436457377513
HCO3_hours_since,1175,12693,6.154521203345441,7.0916905552724065,-0.3360052523699232,0.42731507230488913,-9.105525061303327,3.103997919716868e-19,1.494169512770831e-16,1.5242019635624621e-18,6.144772121270043e-16,True,0.3360052523699232
BUN_max6,1177,12764,28.42051205892328,22.32475466521434,0.33451664660217445,0.6020157918125186,9.510384307977334,8.514097064648344e-21,4.082469638576161e-31,4.914277077665448e-20,3.740534243101709e-30,True,0.33451664660217445
BUN_mean6,1177,12764,28.00954426935191,21.989756646545956,0.33431357796576294,0.6017012788463305,9.496857257493506,9.619313355888554e-21,6.202741110431084e-31,5.456472576012645e-20,5.515410338734666e-30,True,0.33431357796576294
BUN_min6,1177,12764,27.604143500429345,21.654533479410592,0.33429563002576246,0.6014878426926623,9.490659893508868,1.0172959955279618e-20,8.21812844731294e-31,5.672718347944059e-20,7.115169103068308e-30,True,0.33429563002576246
qsofa_score,1253,12981,0.5153197763905417,0.4016430156697017,0.332085102416502,0.5935318136095895,10.439801957275318,1.1717381011975102e-24,6.392013599350204e-28,8.761405347590474e-24,4.779482895877766e-27,True,0.332085102416502
Creatinine_hours_since,1172,12743,6.25912688555571,7.175220413046823,-0.3319609454968628,0.4276605117338061,-9.004700173818957,7.42949761748169e-19,2.2188823626683882e-16,3.542470603118082e-18,8.795328883348188e-16,True,0.3319609454968628
FiO2_obs_rate,1253,12981,0.22716511159276137,0.16620901140214106,0.33145841386952174,0.6071752729893829,11.568900494461557,9.906813911075761e-30,1.0635889150897879e-38,9.87679326286038e-29,1.6662893003073343e-37,True,0.33145841386952174
Resp_max6,1252,12966,23.773664255873463,22.292955095121087,0.3312545628359496,0.5826060995604626,9.412905030594702,1.8860270149138647e-20,4.0907557671750894e-22,1.0008111095268734e-19,2.4470157225465534e-21,True,0.3312545628359496
SBP_std6,1162,12874,10.531553338167999,9.333304118392771,0.33079828052204036,0.5829705671038534,8.87940780574292,2.1936749416318226e-18,6.418150086720666e-21,1.0165057123899572e-17,3.5806323968438754e-20,True,0.33079828052204036
pH_dev,1030,8215,2.00615951520407,1.4579947307464176,0.3206662062553086,0.5871201153466604,8.515737630750293,4.8028265428788506e-17,6.871985613125344e-20,2.106839910142856e-16,3.4255807071488457e-19,True,0.3206662062553086
modified_shock_index,1253,12979,1.176138284533669,1.102919457974424,0.31821041953623874,0.5859108030548703,9.9070847605502,1.9495734616324397e-22,8.322924462203512e-24,1.210206922409571e-21,5.166494618990482e-23,True,0.31821041953623874
HR_min6,1253,12980,82.28464380189693,77.91193277861561,0.31489556921658174,0.5847724475127183,9.692766608598497,1.4350544026773908e-21,3.193773493396905e-23,8.743201823719658e-21,1.9458360728288548e-22,True,0.31489556921658174
Calcium_obs_rate,1253,12981,0.06970147222981224,0.05317346486678919,0.3087199491838769,0.5906422690465462,9.304259748261273,4.8508973864358047e-20,1.7731479306126544e-26,2.5332464129164757e-19,1.241203551428858e-25,True,0.3087199491838769
Phosphate_obs_rate,1253,12981,0.06980896675906272,0.05351383213950784,0.30501230806941987,0.5898254020102928,9.192934102376405,1.296359265569438e-19,5.18046224079635e-26,6.561572282651462e-19,3.5507751608791644e-25,True,0.30501230806941987
sofa_renal,1172,12743,0.7423256440302707,0.4623151321252345,0.3015696473558542,0.5826987861099676,8.55235941557021,3.273677360066509e-17,3.354325294242599e-29,1.475397056797098e-16,2.6275548138233694e-28,True,0.3015696473558542
DBP_std6,889,8158,5.557942057604596,4.824197107871366,0.2996730232395232,0.5930932833567415,7.709801272070544,2.922234485863969e-14,6.843684306525936e-20,1.1179245881967975e-13,3.4255807071488457e-19,True,0.2996730232395232
Magnesium_obs_rate,1253,12981,0.10525259233105122,0.08349177851864596,0.2987282680186291,0.569562715917358,8.152169254221805,7.862322608349826e-16,3.739260780604876e-16,3.2333801726838658e-15,1.4473138786105932e-15,True,0.2987282680186291
Temp_max6,1240,12841,37.31274097504154,37.14067720559219,0.29254000782301687,0.580550140552816,7.563166352663837,7.184981633787453e-14,6.421194875799048e-21,2.717079261512726e-13,3.5806323968438754e-20,True,0.29254000782301687
Potassium_hours_since,1195,12745,5.148504471903566,5.990545538917809,-0.2917540378743505,0.4181666778833606,-8.959194305232188,1.0283273074440897e-18,7.264715189585801e-21,4.833138344987222e-18,3.9181824547110304e-20,True,0.2917540378743505
Glucose_n_obs,1253,12981,3.5832686694390947,2.7249316940443253,0.2905012796638535,0.5125653904014542,6.4947766352659775,1.1690801215154567e-10,0.14119410115531086,3.9652305152431466e-10,0.16757511589529378,True,0.2905012796638535
FiO2_dev,999,7380,0.10390277319156557,0.05842801972765885,0.2883272235420182,0.5741578977351335,7.341690758055792,3.908304551180425e-13,2.542619441920467e-14,1.4130024146575382e-12,8.623936045276636e-14,True,0.2883272235420182
BUN_dev,1177,12764,8.98868457101659,6.532681828472471,0.2822688198504725,0.5515347633677662,6.824508830139577,1.3577546516156247e-11,4.623976434303285e-09,4.6531383373077136e-11,1.143825749538181e-08,True,0.2822688198504725
Bilirubin_total_obs_rate,1253,12981,0.024179930699151298,0.014592526442384922,0.2775786177075577,0.5964998079026791,7.3650323518866925,3.0248798712138964e-13,9.141948125494211e-46,1.1057616418104132e-12,1.5038504666437978e-44,True,0.2775786177075577
O2Sat_dev,1253,12973,7.90387684203039,6.03137583835191,0.2775593205826458,0.5492161601026726,7.27991331430504,5.579962299821504e-13,8.270626528590888e-09,1.995443039827473e-12,2.0155823169677053e-08,True,0.2775593205826458
Temp_locf,1240,12841,37.048832807233254,36.90041147586611,0.27589384346770857,0.579666315807984,7.102708750054957,1.962489180889753e-12,1.6963811684814988e-20,6.868712133114135e-12,8.858879435403382e-20,True,0.27589384346770857
sofa_partial,1253,12980,1.4323852407268092,1.0905899615667025,0.27459220610523766,0.558424219469575,7.4871337213093225,1.240593814632976e-13,7.719720513083434e-12,4.638129147889194e-13,2.2278842533372366e-11,True,0.27459220610523766
HR_mean24,798,10310,88.40931083564472,84.5120251060804,0.27266151432363694,0.5787989007436146,7.058309300549131,3.3409130182141664e-12,1.0979896092420661e-13,1.1570109294657481e-11,3.5415547200062724e-13,True,0.27266151432363694
temp_hr_coupling,1240,12841,88.75312451085736,85.01374868139393,0.26901000108462053,0.5711222997907408,7.9978309988570215,2.6023990583673723e-15,1.1845402791533667e-16,1.057023815065266e-14,4.933085466347565e-16,True,0.26901000108462053
Magnesium_hours_since,1173,12109,6.071858462012942,6.9376764150898,-0.2687969478827535,0.43048895099408563,-7.9181945565520335,4.983912051214127e-15,3.4287491599799023e-15,1.9996427620115217e-14,1.2000622059929658e-14,True,0.2687969478827535
Calcium_dev,1117,10462,2.843905738036175,3.417506790684107,-0.26735013248697054,0.4147572396978484,-8.20877631926641,5.183740246231546e-16,6.563926157923908e-21,2.186475052577152e-15,3.599219509928276e-20,True,0.26735013248697054
shock_index,1168,12878,0.7671318478525093,0.7223262730768923,0.2668145894538052,0.5734212815420585,8.173936098429762,6.791012301355236e-16,8.595423935125876e-17,2.8281557558808513e-15,3.672590226826511e-16,True,0.2668145894538052
PTT_hours_since,1019,10076,10.818060665971748,9.195995000394008,0.26220023434442236,0.4736318016441093,4.367015136556761,1.3829593519802918e-05,0.005458836513825058,2.916625812830231e-05,0.008163441877492928,True,0.26220023434442236
rate_pressure_product,1168,12878,10.65183357833183,10.1098231614645,0.25666351066400983,0.573245335040964,7.721445219623868,2.2320664655848282e-14,1.0169154221742026e-16,8.639410202087159e-14,4.2892971012219574e-16,True,0.25666351066400983
MAP_std6,1253,12979,7.8093892039057735,7.011559692457416,0.25599460930445816,0.5767176420477133,7.801438879483272,1.1647181678935064e-14,2.62877601243536e-19,4.561812824249566e-14,1.271863688369461e-18,True,0.25599460930445816
Temp_mean24,793,10236,37.08592087984987,36.9501355973572,0.2553284787176287,0.5771782157969769,5.9987514727184985,2.899455665111126e-09,4.085809443927091e-13,8.517151016263934e-09,1.2925301029346278e-12,True,0.2553284787176287
Temp_slope6,1180,12734,0.018777693388740933,0.007903197770107345,0.25439962616321826,0.5392807657598901,5.274817072180436,1.564969848657377e-07,7.767699430509748e-06,4.0224615641271646e-07,1.539501875082956e-05,True,0.25439962616321826
BUN_mean24,797,10262,27.09226270003181,22.501143138558746,0.25113603899750503,0.5824805405771546,6.090437800395455,1.6713186132209679e-09,7.859109125158139e-15,4.998762034088168e-09,2.693382189767737e-14,True,0.25113603899750503
Lactate_hours_since,819,4610,13.004944062949829,10.819885417578213,0.24522280990901557,0.4273679080620512,3.74440379687477,0.00019275379208078967,3.253619386569513e-11,0.0003644597562906885,8.846618001498923e-11,True,0.24522280990901557
BUN_std24,797,10260,1.6962906204781885,1.2782284616135142,0.23485186347428086,0.6140632146377375,6.384472351660649,2.7193895570632393e-10,5.0365182113491734e-27,8.946791642738058e-10,3.68225442563084e-26,True,0.23485186347428086
WBC_hours_since,1154,12649,6.728640535830212,7.388977739957305,-0.2312320233571937,0.465327884339642,-6.15188114141134,1.0207209142447217e-09,9.392009054521021e-05,3.109418340615865e-09,0.00016612747198588258,True,0.2312320233571937
Temp_mean6,1240,12841,37.042847393405054,36.917353592709155,0.22663066545692315,0.5676984444985945,5.895152286035924,4.707716173827781e-09,3.124609393137074e-15,1.3586303694643333e-08,1.1053725702603197e-14,True,0.22663066545692315
Bilirubin_total_dev,596,3449,1.1373664757519326,0.678442614402063,0.22219903023553744,0.5196900764933323,3.1180112028493188,0.0019020410831910573,0.12419314666090257,0.0032090846993326045,0.14912242792495237,True,0.22219903023553744
sirs_unmeasured,1253,12981,0.42246507597620414,0.35063072450214494,0.22213825187792283,0.4926130295533536,5.397518842963294,7.962412749010375e-08,0.38676259005547065,2.1297835727027753e-07,0.4199501390371282,True,0.22213825187792283
Creatinine_locf,1172,12743,1.577093339788985,1.2663083036964358,0.2188343817454562,0.5714907321131135,6.292551522219178,4.227436008344157e-10,4.846320300867583e-16,1.3635553399463016e-09,1.8326889413625687e-15,True,0.2188343817454562
Creatinine_mean6,1172,12743,1.5762739286220826,1.2665266005183038,0.21792938874683823,0.5715810915662992,6.264462257839164,5.03826067435804e-10,4.45685299870999e-16,1.5786550112988526e-09,1.7050053913669612e-15,True,0.21792938874683823
Creatinine_max6,1172,12743,1.6012240642357503,1.2848809289951428,0.21732800695794283,0.572582511337952,6.279528229870491,4.5840764520197044e-10,1.7280161753452723e-16,1.4642341288490123e-09,6.933138069373105e-16,True,0.21732800695794283
Creatinine_min6,1172,12743,1.5520403507664646,1.2490122820765428,0.2169860261753152,0.5699933899331467,6.23968731912405,5.877779109588803e-10,1.9288052275868354e-15,1.8243295538252038e-09,6.973372745890866e-15,True,0.2169860261753152
MAP_dev,1253,12979,6.210004035280891,4.843164184447464,0.2163808599694174,0.548122490459295,6.47200445644177,1.3233580594161483e-10,1.751579106558709e-08,4.4427020566113547e-10,4.206346905531498e-08,True,0.2163808599694174
Platelets_hours_since,1153,12682,6.8215977624511055,7.43017116184538,-0.21333601048958886,0.4718279474442747,-5.6482858907240825,1.993783687313809e-08,0.001510348811832245,5.4662902760520264e-08,0.0023662131385371837,True,0.21333601048958886
lactate_high,1253,12981,0.14201666716767172,0.08950203948219962,0.21159031836158637,0.5713167682670596,6.432175533713059,1.7058318068876175e-10,1.3026804979345701e-36,5.668875398646729e-10,1.9480994719112437e-35,True,0.21159031836158637
hosp_adm_time,1253,12981,-72.58450109538074,-45.0325143847233,-0.2032166667327893,0.5091806472877389,-5.318054962732563,1.2216389329241665e-07,0.28077666149563585,3.2412839430004096e-07,0.31420245453083057,True,0.2032166667327893
HR_std6,1253,12980,5.607774803938771,5.119822951779481,0.20147536988209158,0.5532668590759681,6.045387022339913,1.8960405966348425e-09,4.451783496548185e-10,5.619796002638408e-09,1.1532572994994904e-09,True,0.20147536988209158
Glucose_hours_since,1187,12766,5.187162945751593,5.800813624399262,-0.20106344486336739,0.44160375053734374,-6.2632583673374995,5.020188998774052e-10,2.6234222808486535e-11,1.5786550112988526e-09,7.192549419993391e-11,True,0.20106344486336739
log_iculos,1253,12981,2.8784421931622224,2.7996255148266176,0.199615192996347,0.5169012750110005,3.4358258370358934,0.0006094857162799042,0.04779315062791578,0.0010838962197626404,0.06166253551601683,True,0.199615192996347
Creatinine_std24,797,10251,0.09210624466505656,0.06393253875972169,0.1961059946042676,0.6087629606047554,5.139282070685348,3.373300727173614e-07,5.006841414169741e-25,8.40769650939484e-07,3.2945016505236895e-24,True,0.1961059946042676
Fibrinogen_n_obs,1253,12981,0.3417689919832972,0.17456725472767318,0.19498330538953318,0.5345490520770334,4.724401903309679,2.5470541261650553e-06,1.99020397743386e-12,5.739594571974679e-06,5.952519168870363e-12,True,0.19498330538953318
Phosphate_dev,1121,10574,1.2119377858061793,1.4220817109630004,-0.19417119985457168,0.4260284386306304,-5.782299602262487,9.173397346142303e-09,3.4193125220739713e-16,2.6017652817938084e-08,1.3392307378123054e-15,True,0.19417119985457168
bun_creatinine,1171,12736,21.803047418390758,19.905504977386727,0.19043005296562437,0.5441046902960576,5.256327410877328,1.712963809815586e-07,5.641506249549361e-07,4.368721654490913e-07,1.2210891816458816e-06,True,0.19043005296562437
SaO2_n_obs,1253,12981,1.632220042160365,1.1803955137228865,0.18826833668211138,0.5179372295182726,3.8923227994342366,0.00010423730308386725,0.01700246631803325,0.00020055013283387324,0.023803452845246553,True,0.18826833668211138
Hgb_hours_since,1162,12718,6.394240222165999,6.945696047403974,-0.18793454205740664,0.46508502727915685,-5.0237668057574565,5.775167377334011e-07,7.930490395878624e-05,1.4074296793651034e-06,0.00014180061631761235,True,0.18793454205740664
Hgb_locf,1162,12718,10.518291595265294,10.82317255620856,-0.18512881545019103,0.4397166429517409,-5.858937763141771,5.8305265151022706e-09,9.503770447334344e-12,1.6680375856249104e-08,2.71890476275913e-11,True,0.18512881545019103
Resp_dev,1252,12966,1.9535126110628849,1.6303645787357408,0.1825045771419563,0.5429024805105908,5.307778880554517,1.2857094626479963e-07,5.123897412006064e-07,3.33069616701725e-07,1.1163988400993346e-06,True,0.1825045771419563
Temp_obs_rate,1253,12981,0.3164410337393974,0.3634934574823484,-0.18236185103431352,0.49170145106793384,-7.859473948698642,6.740233504294752e-15,0.331186651582261,2.6717311119433412e-14,0.3655248059083765,True,0.18236185103431352
unit_micu,1253,12981,0.3383878691141261,0.258454664509668,0.1812267263790064,0.539966602302229,5.7450239811644,1.1158274240653137e-08,9.438268774038244e-10,3.111078156927866e-08,2.407124361750839e-09,True,0.1812267263790064
Glucose_obs_rate,1253,12981,0.13045291508122808,0.15801481473877335,-0.17943300037164697,0.4606684962176594,-7.1373452575791685,1.4254997899143857e-12,4.113374307422613e-06,5.042897106256268e-12,8.3537046119879e-06,True,0.17943300037164697
age_shock_index,1168,12878,47.46764865395141,44.766954451470774,0.1788486451447914,0.5488373370109797,5.7335512501609625,1.2071363722814877e-08,3.094561837443287e-08,3.337377029248819e-08,7.16979467971015e-08,True,0.1788486451447914
hgb_hct_ratio,1162,12718,0.33783451766545103,0.34067259453099974,-0.17859560769286412,0.444228016236762,-5.9499649535963,3.3874213592944734e-09,2.902684819855984e-10,9.862492276175945e-09,7.701478272037248e-10,True,0.17859560769286412
Magnesium_dev,1173,12109,0.6601821506305241,0.7485995548870257,-0.1780931127403795,0.4293136364298796,-5.3090605288530375,1.2856649772386148e-07,1.1734197884404207e-15,3.33069616701725e-07,4.386989890873846e-15,True,0.1780931127403795
Phosphate_hours_since,1121,10574,7.042617046758599,7.701671788138141,-0.17666991159289466,0.4536922739987855,-4.85232076592144,1.3690488446863646e-06,3.271980861314767e-07,3.2172647850129572e-06,7.176544689150388e-07,True,0.17666991159289466
HR_obs_rate,1253,12981,0.8628515632554045,0.8815099034531866,-0.17591223128039382,0.4618041728739401,-5.312571984811346,1.2506859491290395e-07,6.958842495763225e-06,3.291805418107632e-07,1.3875510188521823e-05,True,0.17591223128039382
WBC_locf,1154,12649,12.946999546624655,11.747248806105304,0.17361194963957335,0.5386532223932321,4.249310356920463,2.3021324101753057e-05,1.3357602595569002e-05,4.704357533836494e-05,2.5699714935334515e-05,True,0.17361194963957335
SBP_slope6,1135,12857,-0.13166875081267085,0.033819506009793644,-0.17298704034161475,0.46667240012896866,-3.8473763125158995,0.00012558663338554436,0.00019280394486371848,0.00024022094409211682,0.0003356216817998062,True,0.17298704034161475
Temp_std24,793,10225,0.42684155671206064,0.39364250391073874,0.17294309610494604,0.5644046161862507,4.987219508088983,7.294320696432949e-07,1.4299099355047325e-09,1.7645819920047355e-06,3.5911478532905113e-09,True,0.17294309610494604
WBC_max6,1154,12649,13.222651873946035,11.991458508600495,0.17188955507147963,0.5388688839432577,4.17282317333699,3.215097964937633e-05,1.1952203590792544e-05,6.489369512052032e-05,2.3131029302180866e-05,True,0.17188955507147963
WBC_mean6,1154,12649,12.94771447912685,11.761517492137306,0.1703982437441115,0.5374880471572615,4.162195438089809,3.366058609753931e-05,2.411685861555967e-05,6.752641967128313e-05,4.533969419725217e-05,True,0.1703982437441115
WBC_min6,1154,12649,12.674105567544492,11.530028953808426,0.1689374926054149,0.5362664217569895,4.133343576085993,3.811418325340753e-05,4.402020176271174e-05,7.50872232956352e-05,8.090863899403442e-05,True,0.1689374926054149
sofa_coag,1153,12682,0.4786517495630311,0.36960249461299416,0.168836766110131,0.5315964004681601,4.693288493631061,2.9728680517709615e-06,3.167460305252298e-05,6.6086053313016645e-06,5.8875392114576616e-05,True,0.168836766110131
Bilirubin_total_locf,596,3449,2.4001687210703255,1.7172117986003188,0.16861344933172004,0.5249965460273477,2.8344101464596254,0.004726322815028402,0.05073696661130891,0.0073347179535110585,0.06444966029004104,True,0.16861344933172004
BUN_slope6,1026,12517,0.013747410242297893,-0.025156981575528904,0.1657370276591218,0.5626117291399876,5.086185536693974,4.237077753318023e-07,1.56594164852358e-11,1.048119233715511e-06,4.441334503140153e-11,True,0.1657370276591218
Platelets_std24,796,10219,11.224573488399713,9.415493921387043,0.16504407602402718,0.5875226386359825,4.819938545168984,1.6717759217489963e-06,1.5459360010271495e-16,3.900810484080992e-06,6.27917215232015e-16,True,0.16504407602402718
unit_unknown,1253,12981,0.5403032721468476,0.45828518604113705,0.16458643964507938,0.5410090430528552,5.56122636582572,3.1655050409482253e-08,2.7273079700778717e-08,8.60703436753691e-08,6.363718596848368e-08,True,0.16458643964507938
Temp_min6,1240,12841,36.77603086040866,36.68626556726234,0.16448768335029096,0.5538659874745963,4.295871336932946,1.862758336843756e-05,3.5063012392376885e-10,3.878781600136682e-05,9.228584861673596e-10,True,0.16448768335029096
Temp_slope12,974,12331,0.011783502600371162,0.0057674762911154994,0.16339331239096608,0.5396619794488008,4.159089971236776,3.448680970885845e-05,3.662382293013509e-05,6.876460844978442e-05,6.769234687648564e-05,True,0.16339331239096608
Glucose_min6,1187,12766,130.76483810540498,124.68830059815888,0.1624228673437493,0.5537390942479504,4.909189966790142,1.0242078987653406e-06,8.538761613514783e-10,2.424204307149619e-06,2.1947285709737214e-09,True,0.1624228673437493
Creatinine_dev,1172,12743,0.5205360190028238,0.41849140878303176,0.15972552275587162,0.5097120509714361,4.260760301197084,2.183561222347921e-05,0.2703944535170856,4.489947763452913e-05,0.3067578455417971,True,0.15972552275587162
BUN_slope12,901,11332,0.00925742911163786,-0.029250287351191343,0.15453654007332018,0.5605048494965589,4.638961222182162,3.937641356995306e-06,1.2452223490696345e-09,8.636560043009704e-06,3.1513704064916135e-09,True,0.15453654007332018
WBC_std24,797,10206,1.0185455832748267,0.8166589317398439,0.1545091004769347,0.5919069059433388,2.904202420764049,0.003777475648090513,4.242501263748347e-18,0.005946361187664013,1.8861342363721066e-17,True,0.1545091004769347
BUN_std6,1160,12750,0.3999286803866512,0.3247775156616288,0.15339086516150768,0.5511340094658553,4.742441685520942,2.3352444264735665e-06,5.431445675837193e-09,5.335384835484746e-06,1.3335415129480869e-08,True,0.15339086516150768
Hct_max6,1180,12808,31.556803787360757,32.256711002441584,-0.15333418130017978,0.44978773859558113,-4.789911471153473,1.8487660958027595e-06,1.0825039661990947e-08,4.2534548637699854e-06,2.6187044476433982e-08,True,0.15333418130017978
SBP_std24,753,10206,12.621576626620604,11.961746990053364,0.15191939199346288,0.5567222259957492,4.159664331396037,3.500906817556835e-05,1.9597602559613908e-07,6.938544234796377e-05,4.356494082508768e-07,True,0.15191939199346288
Hct_locf,1180,12808,31.100651729713054,31.796867080661077,-0.15132103231164679,0.4509660606718259,-4.804352790131838,1.7212101668830619e-06,2.362670892769401e-08,3.9878742598910375e-06,5.592221033964985e-08,True,0.15132103231164679
O2Sat_slope12,1019,12735,-0.024102416532621823,-0.050483754827785284,0.1502837518920709,0.565220026408332,6.225380724348865,6.369582857293789e-10,3.934321375207063e-12,1.958497906588464e-09,1.1454794092417025e-11,True,0.1502837518920709
Hct_mean6,1180,12808,31.129990154201703,31.82154251209726,-0.14927174212429067,0.4510160492912269,-4.730149705895626,2.4727044533511667e-06,2.441271120715366e-08,5.610481138982992e-06,5.7369871336811096e-08,True,0.14927174212429067
O2Sat_slope6,1252,12968,-0.021182922370283824,-0.057765622483231326,0.1491252315845082,0.5677550096280252,5.764076834561729,9.826419318220351e-09,2.180330338283474e-15,2.763155517687603e-08,7.797050883644163e-15,True,0.1491252315845082
lab_order_rate,1253,12981,2.3746885893106793,2.146281731738038,0.1471808322987917,0.5417705772074146,4.5617789321416184,5.498547861086741e-06,1.0024446174045189e-06,1.1901462146694328e-05,2.1415862280914723e-06,True,0.1471808322987917
FiO2_locf,999,7380,0.5389840856970132,0.5125422956129198,0.14685937162286297,0.5499844695644154,4.924436116845431,9.466032460229312e-07,2.7780771055924014e-07,2.256757014069162e-06,6.134143407650337e-07,True,0.14685937162286297
MAP_slope6,1252,12979,-0.13389762959746737,-0.02510986313157837,-0.14684827990188154,0.48491126732861906,-3.5544361018624095,0.00039177493952219665,0.07736745703979747,0.0007160775283489038,0.09533293395540587,True,0.14684827990188154
Bilirubin_direct_n_obs,1253,12981,0.07081586440931485,0.0306212404662052,0.1466990487875377,0.517452451993653,3.5052035568856534,0.0004711227145475267,1.7471246193135028e-12,0.0008516449070666829,5.273431190404976e-12,True,0.1466990487875377
Hct_min6,1180,12808,30.67879378108655,31.37396868938658,-0.14644246462154414,0.45196255782932276,-4.712327926222598,2.6939456019451667e-06,4.5095507480127915e-08,6.029306823401088e-06,1.0303070806223669e-07,True,0.14644246462154414
Glucose_locf,1187,12766,136.72995444396614,131.0396104815909,0.14642515692493369,0.5482123231451065,4.415005065477912,1.0894236359492236e-05,3.719752289058496e-08,2.3123895240470618e-05,8.558031490211505e-08,True,0.14642515692493369
acidotic,1253,12981,0.1488041602690531,0.11452556838404208,0.14236215180896214,0.5508849172585901,4.451489876201603,9.176221138674595e-06,1.1067821255798216e-12,1.973187421322838e-05,3.4030964422033767e-12,True,0.14236215180896214
Glucose_mean6,1187,12766,136.92837292704144,131.36732326718533,0.14001879111880403,0.5467505237493072,4.265408710805188,2.1317595909124552e-05,9.460490710490203e-08,4.4109994050955835e-05,2.1318503039392306e-07,True,0.14001879111880403
Creatinine_mean24,798,10254,1.4769123262424666,1.2830583151791013,0.13873517695532406,0.5432914986901621,3.7766687689456853,0.00016908376979795755,4.48611061001477e-05,0.00032155237146547997,8.199613281638108e-05,True,0.13873517695532406
Calcium_locf,1117,10462,8.265382652743757,8.362315421030594,-0.13569274076027193,0.45589161234408127,-4.059889469651717,5.196011588408266e-05,1.2083515931341027e-06,0.00010175522693966188,2.5648237041362567e-06,True,0.13569274076027193
Hct_mean24,797,10268,31.09172806207329,31.70863813475314,-0.13492348269062693,0.45529611921214097,-3.700119657507078,0.00022819510879070327,2.5395060555143026e-05,0.0004241592700120982,4.747144842410259e-05,True,0.13492348269062693
HR_std24,798,10310,7.933112017769542,7.47626354976277,0.13412371065575135,0.549790698861606,3.7372153838303888,0.00019739118180649856,2.6807660159921986e-06,0.0003710954217962173,5.582101387730591e-06,True,0.13412371065575135
Hct_hours_since,1180,12808,5.4076375953348,5.790135819425365,-0.12803453104697624,0.45891236541780034,-3.7155750450502505,0.0002110547027547395,2.891918817686124e-06,0.0003945283932176665,5.946508068867092e-06,True,0.12803453104697624
O2Sat_hours_since,1253,12973,0.180944000578174,0.29392725589516366,-0.1269513417113612,0.43285012908816883,-6.329381359755183,3.043595592657239e-10,1.4001533158435466e-15,9.914286633507244e-10,5.175847650702549e-15,True,0.1269513417113612
HR_slope12,1020,12754,0.04978986780405131,-0.024425808602861865,0.12472480948711052,0.5524952955935393,3.2223179544579046,0.001307899493595994,2.2915884837586784e-08,0.0022295281522957617,5.463279790989893e-08,True,0.12472480948711052
sofa_liver,596,3449,0.6466111224347838,0.5276657235796519,0.12265917159918693,0.5301052634651421,2.530999329001069,0.011573594673065407,0.004605927765070969,0.016998717176064815,0.006983180805107599,True,0.12265917159918693
Calcium_hours_since,1117,10462,7.266344041939601,7.745989475738955,-0.12246950744672577,0.4604950054141458,-3.227746478151245,0.001279572896267732,1.3766420665386898e-05,0.002192601473292103,2.6332281389024936e-05,True,0.12246950744672577
pH_std6,1028,8195,0.011168748226377246,0.009851671863015377,0.12158559289727851,0.5177581708501198,3.0912654986006176,0.0020390833508329097,0.0624189823881023,0.0034053727026600368,0.07749375549315342,True,0.12158559289727851
O2Sat_max6,1253,12973,98.74946848145505,98.52281850427998,0.12099337272810894,0.5636315746701864,4.617446233336252,4.196422713514137e-06,8.907020112307149e-14,9.143199157259278e-06,2.901395660345596e-13,True,0.12099337272810894
HCO3_obs_rate,1253,12981,0.11058891760887755,0.10092325362513059,0.1200772497452051,0.5177840803979393,3.428312300810051,0.0006247626021600409,0.03730082215880106,0.0011050908393045885,0.04928502204917891,True,0.1200772497452051
Glucose_dev,1187,12766,36.45154726478917,32.16392384670444,0.11941706890181862,0.5164967008380121,3.5111168198153004,0.0004608318430159509,0.059676894668693976,0.000837644620730651,0.0749377799465661,True,0.11941706890181862
WBC_mean24,797,10209,12.647560889394475,11.830510720142813,0.1188128310959876,0.5285590751782108,2.6278589899911466,0.008743036896503993,0.007149461467940926,0.013194766692430339,0.010454101435344731,True,0.1188128310959876
pH_mean24,722,6925,7.397787343101818,7.391233784644612,0.11812968117292937,0.5445905377161315,2.923486629617555,0.003551576396451296,7.832560176466935e-05,0.005644776011751094,0.00014081487967527987,True,0.11812968117292937
WBC_std6,1138,12633,0.267509051113306,0.22332458306966263,0.11743572102193989,0.5325582898139543,2.4647790474591025,0.013848035200710295,0.00023662003151584136,0.01998247184663898,0.00040972626509848316,True,0.11743572102193989
Lactate_mean24,584,4099,1.7550975819156593,1.9148605171064832,-0.11560697591587184,0.46610537317822254,-2.9737677456535696,0.0030261866269811672,0.007941227568574382,0.004904509360969478,0.01150953246722895,True,0.11560697591587184
Glucose_max6,1187,12766,143.31572591304376,138.26202830524255,0.11531114886800387,0.5387144876324156,3.5775120777396348,0.0003588459046393397,9.895601767696204e-06,0.000659554763275658,1.9264218825870124e-05,True,0.11531114886800387
Resp_slope6,1252,12960,0.025420370828506688,0.051679048439829484,-0.11392307477995109,0.4716723920739163,-2.5136412308883966,0.012066085921025621,0.0009144699920415624,0.017643298968966353,0.0014604884824353107,True,0.11392307477995109
sofa_resp,511,4366,190.44219746748294,214.5326599052506,-0.11367504308428751,0.46498740938025823,-5.461344887218627,5.211961401240786e-08,0.00949029135801707,1.4055207385313267e-07,0.013575242855598331,True,0.11367504308428751
Platelets_slope12,877,11138,-0.26747725052562477,-0.4460324669094744,0.11325507850957953,0.5458276319084326,3.4002699318149734,0.0006988203034908966,5.746809406830175e-06,0.0012294752933075133,1.1528660334433704e-05,True,0.11325507850957953
MAP_obs_rate,1253,12981,0.8479729490644534,0.8619828005722737,-0.11314542347188676,0.4688777747672591,-3.666294586765743,0.0002548021975538813,0.0002575261607097339,0.0004709546235686907,0.00044359218258378243,True,0.11314542347188676
PTT_locf,1019,10076,37.65097071916245,35.86496674612241,0.11062492780963208,0.5326917780121323,3.068895988265111,0.0021971967505878404,0.0005712657311135464,0.0036143886547169973,0.0009350568434644616,True,0.11062492780963208
Temp_dev,1240,12841,6.3719348578175605,5.715160679306897,0.10949410174499291,0.5143369524532055,3.2761133053890568,0.0010777742860235363,0.09491316988825838,0.0018662512636933865,0.11574955474043915,True,0.10949410174499291
MAP_std24,798,10310,9.415988876706077,8.998198205652251,0.10777315931623457,0.5553078258206136,3.116978024424829,0.0018823778679296344,1.848234304098634e-07,0.003192279992519844,4.136524394887419e-07,True,0.10777315931623457
BUN_obs_rate,1253,12981,0.11068023161547139,0.10214559999964229,0.10633830567724484,0.5136223406632802,3.040954733801842,0.002401556881751993,0.11068474201830707,0.003930906537793063,0.13338930448360084,True,0.10633830567724484
HCO3_locf,1175,12693,23.987462580254736,24.398062556589935,-0.10486447847328695,0.4706806733817098,-3.0338468311326685,0.002461050834781588,0.0008650347645169284,0.004008345171500705,0.0013882753050052168,True,0.10486447847328695
Platelets_std6,1137,12672,2.9537315103393325,2.5878240803138746,0.10482354414787745,0.5320009336438262,3.2593118173649764,0.0011450954861960466,0.00030496922473789283,0.001972441963133504,0.0005225774736394101,True,0.10482354414787745
DBP_max6,898,8165,68.13111244702924,66.89191357039705,0.10402020058476372,0.5379691823839328,2.9522139255383864,0.0032218674651088765,0.00018335400258504304,0.00514560386417874,0.0003208695045238253,True,0.10402020058476372
anion_gap,1175,12671,10.519343469498006,10.022333230152661,0.10234598406463548,0.5164922750391663,2.790276181080255,0.005342270635843297,0.061004860097292134,0.008251676240340117,0.07602499610609512,True,0.10234598406463548
Fibrinogen_obs_rate,1253,12981,0.014710632731413067,0.010588325969934318,0.10100905585404601,0.5328365608695821,2.856655245399936,0.004343985524500268,2.287169887321402e-11,0.006805577321717086,6.376939770582554e-11,True,0.10100905585404601
Lactate_slope6,700,4474,-0.015689695782081993,-0.008831434904745635,-0.09923852057306731,0.46767593716073824,-2.48599464444919,0.013091095213941566,0.004160972747440429,0.019057390820295464,0.006367255971664656,True,0.09923852057306731
Bilirubin_direct_obs_rate,1253,12981,0.003033856470702723,0.0015546161037237212,0.0987629450252129,0.5173110457404348,2.2405794181389975,0.025216295676266588,2.63072705394869e-12,0.035302813946773225,7.727760720974278e-12,True,0.0987629450252129
Chloride_obs_rate,1253,12981,0.11255227319776553,0.10399179044140607,0.09871200118398717,0.5181978473910516,2.956447458530269,0.0031627960896696205,0.03309674425994845,0.005075902017079537,0.04426353195741073,True,0.09871200118398717
Creatinine_std6,1153,12728,0.024301331294199705,0.017353989549367326,0.09854805382113226,0.5632523142154235,4.420680247014379,1.0481460542794063e-05,2.376462497560285e-13,2.23922111596055e-05,7.590836521333337e-13,True,0.09854805382113226
hypotensive,1253,12981,0.17092061209613538,0.1514229308353207,0.0982103723489662,0.5280733219704187,3.1014451860992036,0.001962552371648571,0.0008410130874719658,0.003294284338124387,0.001356339734207239,True,0.0982103723489662
PTT_dev,1019,10076,12.071696236699694,10.914804308406282,0.09774501981854505,0.5137222077860858,2.5650657896717877,0.010439900501005605,0.14818366709358327,0.015471744436174974,0.17349617962202454,True,0.09774501981854505
Glucose_mean24,797,10254,134.29083613798937,130.5628857944638,0.09756300899105763,0.5512698903313797,2.9649190796885883,0.00310220365106106,1.3683247515208236e-06,0.005003063731368082,2.885761815707378e-06,True,0.09756300899105763
DBP_mean24,626,6706,61.33681854881799,60.27794759223044,0.0973637432715364,0.5403690510334077,2.54264296582217,0.011194837002476468,0.0008200907621515617,0.016516149658362143,0.0013291126145214965,True,0.0973637432715364
DBP_std24,623,6699,6.848068763509417,6.516823174989035,0.09705928120848574,0.5489361748010112,2.6477564727972798,0.008264204660113274,5.189646432638176e-05,0.012529600613720123,9.433114233911382e-05,True,0.09705928120848574
Alkalinephos_dev,595,3394,49.172933539973585,42.826038810403105,0.09569142469727009,0.5271185433513417,2.132926058665609,0.03323090001608027,0.03456563028407456,0.04499163006292349,0.04604085977109527,True,0.09569142469727009
O2Sat_mean6,1253,12973,97.34995242679776,97.12098867660002,0.09353449708172379,0.5399953085692312,3.4667172107454816,0.0005410544091454324,2.8249232593235433e-06,0.0009727153038734822,5.8452814611160115e-06,True,0.09353449708172379
SaO2_obs_rate,1253,12981,0.057936394590312267,0.06967740859669846,-0.09316200885072794,0.5056704522350273,-3.38286664273417,0.0007351558799383128,0.450558486108663,0.0012865227898920474,0.4812783828887991,True,0.09316200885072794
MAP_min6,1253,12979,68.919903917305,69.8859760263262,-0.092672278658989,0.4788482678169973,-3.0852941057202843,0.002070817725735326,0.013258114824736005,0.0034409042008430413,0.01888276959886643,True,0.092672278658989
Resp_slope12,1020,12718,0.02906094215370789,0.04741950207177128,-0.09178890993760301,0.47475767709190925,-2.398157493014404,0.016638722530708815,0.007211872049390778,0.023800607446100873,0.010498698691369763,True,0.09178890993760301
O2Sat_locf,1253,12973,97.35011069258974,97.12616767433406,0.0910057935776217,0.5370273295835928,3.4645184164132043,0.0005452582409550426,1.4534446601884563e-05,0.0009749454417076576,2.76406527862429e-05,True,0.0910057935776217
Resp_hours_since,1252,12966,0.15376414575936873,0.23500919096676376,-0.0907386641039826,0.4463926666893359,-4.656432651059033,3.426918173981816e-06,1.1299976584658304e-10,7.566819323758507e-06,3.0225140620752696e-10,True,0.0907386641039826
O2Sat_mean24,798,10308,97.32711168638149,97.13043703531451,0.0902326230400003,0.5368642064999518,2.4744658189832776,0.013521542881572163,0.0005103921187183661,0.01959730223804952,0.0008480757932239518,True,0.0902326230400003
MAP_max6,1253,12979,89.27034016066519,88.12018770928724,0.0896499249427521,0.5270254847799751,2.911323630103728,0.0036529038996247426,0.0015532455650270449,0.005777910495079521,0.0024218852648999895,True,0.0896499249427521
BaseExcess_dev,1012,7856,0.3333435805331319,0.19715272737131567,0.0891788609666589,0.5437995077401125,2.280781785518703,0.022737507894436088,5.5347856708689845e-06,0.03196854742422851,1.1171438562674207e-05,True,0.0891788609666589
BaseExcess_obs_rate,1253,12981,0.16320713325419425,0.1471568483384021,0.08873867140295957,0.5623238531507126,3.069938109169281,0.0021789673518153225,6.305324318502712e-14,0.0036024133605389004,2.0744517007873924e-13,True,0.08873867140295957
Glucose_slope12,911,11598,-0.29937235860846134,-0.500475136520653,0.08873309685537115,0.5287100486116593,2.578103035330436,0.010068741456078162,0.0038315718248550816,0.015031995636782257,0.005890594067183746,True,0.08873309685537115
Hgb_dev,1162,12718,2.962075949755831,3.207061692443109,-0.08733577457331666,0.4683618891354062,-2.769895955614072,0.005683306840211275,0.0003488335587874724,0.008737420329109857,0.0005915785610364867,True,0.08733577457331666
SBP_min6,1168,12878,107.0397142710751,108.36366237552107,-0.08401895711321912,0.4752821925254283,-2.660374370325188,0.007896508697338152,0.005080139512353324,0.012083494704298847,0.007631807760567322,True,0.08401895711321912
HCO3_dev,1175,12693,7.242742749393739,7.750462866116034,-0.0820359453273739,0.4693979761000786,-2.596795880616465,0.009509704671585418,0.0005083460460553931,0.014286268661879464,0.0008480757932239518,True,0.0820359453273739
BaseExcess_hours_since,1012,7856,6.806620753042606,7.30690421043732,-0.08112914186740222,0.3806887990750505,-1.5680016884104169,0.11717056276926298,3.5934278472377197e-35,0.14883828243663136,4.728951046964839e-34,False,0.08112914186740222
WBC_obs_rate,1253,12981,0.10106656440616944,0.094588659899748,0.08019186426358417,0.5128063036202521,2.4005360329633354,0.016497531534262987,0.13372263993605005,0.023701693776299226,0.15998090377803806,True,0.08019186426358417
pH_slope6,928,8078,0.0008702250751008538,0.0005922414289172363,0.07987195865620349,0.497003822109433,1.9400336212553426,0.05263830664484554,0.7640913945951575,0.06983065679900881,0.7855814650681463,False,0.07987195865620349
sirs_wbc,1253,12981,0.3562160948074385,0.32712328289811615,0.07851470982204747,0.5315312274499294,2.6450560686720794,0.008252916306217785,9.263086166933618e-05,0.012529600613720123,0.00016473272156330597,True,0.07851470982204747
Lactate_std6,813,4587,0.10033988682136345,0.08524323246453389,0.07662071492593457,0.5518585467084233,1.9863144037991698,0.0472447811864797,8.264705946828109e-07,0.06292928344271992,1.7771818669976786e-06,False,0.07662071492593457
SBP_hours_since,1168,12878,0.6683688100681748,0.5076815669943647,0.07585007687171612,0.4092579106451057,1.3687392461740087,0.17133403467564362,1.469295868062024e-25,0.20723859341281892,9.865272256987876e-25,False,0.07585007687171612
BaseExcess_locf,1012,7856,0.020189790530940114,-0.26566005776145035,0.07555705604691884,0.531258993402993,2.1451969323918223,0.03212953854879046,0.0011847731020133262,0.04386148623465585,0.001873992070011463,True,0.07555705604691884
MAP_hours_since,1253,12979,0.15061909450048616,0.20033907855216734,-0.07467219693107706,0.4400418270363317,-3.2825969334183194,0.0010488276302752372,8.276130382042864e-13,0.0018257369860346722,2.5687234865019835e-12,True,0.07467219693107706
PaCO2_hours_since,1007,7810,7.038366386276608,7.498159153213803,-0.0742902860255475,0.3836525245178755,-1.4287321017801287,0.15336889480456448,2.2818972118011993e-33,0.18757757022565694,2.588773043733085e-32,False,0.0742902860255475
n_vitals_this_hour,1253,12981,5.324664280496401,5.252153530580293,0.0740384968992968,0.5173180545721161,2.8501666588348566,0.004425530953601562,0.042572704779821134,0.006900472434762625,0.05536134336980693,True,0.0740384968992968
TroponinI_obs_rate,1253,12981,0.0007609515384929247,0.0016719283482563702,-0.07297043418859654,0.4951063292024878,-3.9210579997601496,9.094950169585444e-05,0.0307542492855027,0.0001770555388043557,0.04146781973332126,True,0.07297043418859654
Lactate_min6,819,4610,1.8191139589590322,1.9303593098729397,-0.07280216530553577,0.47775261614741005,-2.1323451710638395,0.03317367571713948,0.04210907594721528,0.04499163006292349,0.05497573804219773,True,0.07280216530553577
hypoxic,1253,12981,0.033607207641900415,0.027305815616985165,0.07263822987830902,0.5494687643731003,2.575665512077214,0.01009748035175951,4.764133897570656e-13,0.015031995636782257,1.492761954572139e-12,True,0.07263822987830902
Potassium_dev,1195,12745,1.1297058324916815,1.1984789054190328,-0.0707250483670778,0.4612924586062957,-2.120647200095407,0.034129883182017096,9.339396517129055e-06,0.04583155741585153,1.8289651512711067e-05,True,0.0707250483670778
sofa_cardio,1253,12979,0.32459441006498774,0.3052110308291172,0.06920768266128222,0.5221985456646863,2.2926085024538474,0.022009219579864223,0.009188474896999055,0.031077395887447765,0.013200909349837071,True,0.06920768266128222
SBP_max6,1168,12878,133.8510617034076,132.5657429485555,0.06914623776960116,0.521670539063115,2.1669591387334144,0.03041049881108562,0.01403049734813758,0.04168772545352987,0.01989669667041924,True,0.06914623776960116
gender,1253,12981,0.6145251396648045,0.5804637547184346,0.06909689844810768,0.5170306924731849,2.3619247778435324,0.018306533223910248,0.019517613745096682,0.02607294125829641,0.026867342770446896,True,0.06909689844810768
pH_max6,1030,8215,7.401532383798395,7.397754854293981,0.06769476714283913,0.5295003220488215,1.901558948300168,0.05745831415902641,0.001991641591356883,0.07561514143327876,0.0030762914720958425,False,0.06769476714283913
Hct_obs_rate,1253,12981,0.1430821800979816,0.15113249265686268,-0.06732017668460248,0.47131654078743485,-2.1915604404799343,0.028566513457129506,0.0007830461362575205,0.03932377793889375,0.0012753573209342785,True,0.06732017668460248
lactate_shock,1253,12981,0.026688128006655695,0.019128578117031336,0.06660968154712106,0.5256304674650956,2.0639547148201287,0.039199039047858764,5.4354241178813085e-15,0.05242473108433144,1.882373194508369e-14,False,0.06660968154712106
HR_slope6,1253,12980,0.025927188622672077,-0.02200096108637035,0.06592262787467532,0.5393750222885721,1.477053740963826,0.13989622551625952,4.0144511732620085e-06,0.17302954208589993,8.203443701883234e-06,False,0.06592262787467532
O2Sat_obs_rate,1253,12981,0.8388357877862139,0.8482542764948988,-0.06577121313226503,0.47908177296143983,-2.207487902955684,0.02743094866718312,0.014105501416600216,0.038079249415625516,0.01991721015477026,True,0.06577121313226503
WBC_dev,1154,12649,3.878659804060619,3.6181745520071282,0.06457759286650189,0.4822323792935865,1.3661168587415455,0.17215267484376096,0.04534250744975847,0.20746604404248115,0.05873104311405723,False,0.06457759286650189
Potassium_locf,1195,12745,4.112664192790267,4.143341971884151,-0.0644886021213413,0.46602280654814177,-1.9353226210316556,0.05315523282066072,0.00010008244203775848,0.07023321926906577,0.00017608087395947882,False,0.0644886021213413
DBP_slope6,829,8111,-0.07222569768996662,-0.03592856135589831,-0.06305469460993811,0.5073982539311682,-1.2224034816245533,0.22187502659914637,0.48217463447943176,0.25793951855519137,0.5133833486852202,False,0.06305469460993811
MAP_mean24,798,10310,79.3315988268171,78.63534394087546,0.06302477498920779,0.5286079529570775,1.7997956739959107,0.07221330967346923,0.006998184378519064,0.09427848762925149,0.010324675607770279,False,0.06302477498920779
Resp_obs_rate,1253,12981,0.8524563406420915,0.8611612404278096,-0.06285043130987332,0.4729060700355661,-2.2281320687950577,0.026015997614138798,0.0014571407940500531,0.0362680644705579,0.002293776656662524,True,0.06285043130987332
Glucose_slope6,1040,12621,-0.3003927757307595,-0.4588152733286872,0.06193624439972191,0.5168703107763007,1.5936337853789277,0.11129244948005389,0.06953368425137982,0.1419194413912315,0.0860021884161803,False,0.06193624439972191
pH_obs_rate,1253,12981,0.16806029974896772,0.15645426060965004,0.06187034387696369,0.5558457252858912,2.193575022326704,0.02841535810902903,2.3123783356582537e-11,0.039280053856598954,6.393045986819879e-11,True,0.06187034387696369
SBP_mean24,754,10210,121.625774059751,120.59124596471534,0.06120353649710092,0.5239339260152188,1.6680959774684285,0.09565405814962605,0.028032168964350714,0.12293041066885535,0.03810984954244374,False,0.06120353649710092
Lactate_locf,819,4610,1.9138241058013088,2.014478507334136,-0.061008088870625116,0.4840140216495965,-1.7963027603883153,0.07268732387056419,0.14418876660177132,0.09452225119927121,0.17002904735477695,False,0.061008088870625116
Lactate_mean6,819,4610,1.919636380832565,2.01689716754663,-0.05926050686257185,0.4836557994909405,-1.725998552699025,0.08459719705353516,0.13541436495388107,0.10957668437249239,0.16141784807908285,False,0.05926050686257185
Resp_std6,1252,12965,2.7006919409190053,2.7659183856645755,-0.05691508135385943,0.4693214343359918,-1.6519397086179795,0.09876750173996202,0.00032963115680865763,0.12643777460096303,0.0005619101066841884,False,0.05691508135385943
pH_locf,1030,8215,7.390424689968813,7.387261806460176,0.055612313032969325,0.5257197643429908,1.5568672339553937,0.11975525686846267,0.00703285688459247,0.15095586019051424,0.01032950854924519,False,0.055612313032969325
DBP_mean6,898,8165,60.76941184742679,60.202149983001355,0.05310026925165691,0.5238367359185616,1.5330728073469888,0.12554239534107411,0.018848674551026467,0.15764674834814268,0.02616545960880889,False,0.05310026925165691
Platelets_slope6,1006,12443,-0.314551311785181,-0.39320208999515943,0.051456370107991055,0.5373676529587244,1.444824752186383,0.14878126912391848,7.009448637149309e-05,0.18264566246928798,0.00012670926382539135,False,0.051456370107991055
Lactate_slope12,593,4239,-0.013166546019255878,-0.01015052682566661,-0.05059603348429407,0.4651497557212856,-1.5573733224156465,0.11969504628609566,0.004359164502383293,0.15095586019051424,0.006639653339278257,False,0.05059603348429407
SBP_slope12,930,12601,0.023778783538947083,0.062307607478014275,-0.04971636174279151,0.4878776475326672,-1.4164262866628452,0.15694448173604983,0.21654263420493913,0.1912397573746681,0.25085396708952457,False,0.04971636174279151
pH_std24,722,6906,0.021298476864846223,0.02042035223160176,0.049113552840704365,0.51366570319438,1.2093855538069735,0.22684553440754532,0.22571339137910862,0.2627893690847972,0.2605603711007956,False,0.049113552840704365
pH_mean6,1030,8215,7.390047716862947,7.387330778125431,0.04749968762197337,0.5251370627965656,1.3145708781427545,0.18889671320767484,0.008433170261607984,0.2235504267817447,0.012168916737144854,False,0.04749968762197337
Chloride_dev,1179,12684,30.81571639936332,32.02558445061922,-0.04707470500016453,0.48029390743990613,-1.4593213586116975,0.14470502711514058,0.024962841442849677,0.1783069435238998,0.03407790387841305,False,0.04707470500016453
Lactate_max6,819,4610,2.026548736989134,2.1084665501841755,-0.04624065854220567,0.4892081767352917,-1.3352135299775845,0.18205415209809966,0.32419252365294715,0.21701382623287965,0.35912235785124447,False,0.04624065854220567
TroponinI_n_obs,1253,12981,0.0206858333191297,0.031437575189625894,-0.04623053753901109,0.49515293178507014,-1.8150746890305949,0.06969714933639704,0.03238177958283608,0.09135602442898257,0.04348410401123702,False,0.04623053753901109
Hct_std24,797,10268,1.1098846613087434,1.155300719893728,-0.04534016307652811,0.5102313823898442,-1.5018669193150287,0.13344615586076142,0.3350106463510256,0.1664117129100284,0.3673950088316248,False,0.04534016307652811
Creatinine_slope6,1013,12457,0.0009118105136520791,-0.00021449125394433114,0.04520320490049851,0.49878741805671334,1.7190934678216558,0.08583468058392789,0.8945294415328582,0.11074356828279323,0.900000569615628,False,0.04520320490049851
ward_before_icu,1253,12981,0.39824421388667197,0.4196903166165935,-0.04348177542870468,0.48927694863503923,-1.4793094469561519,0.1392664729388079,0.1415984261972391,0.17290063998818037,0.16757511589529378,False,0.04348177542870468
DBP_locf,898,8165,60.77298918173945,60.31882428427963,0.042747773578560556,0.5199080899651808,1.2323397989811098,0.2180829047263256,0.049827702617348736,0.2544300555140465,0.06378721463466044,False,0.042747773578560556
qsofa_sbp,1253,12981,0.1733323533692994,0.1641968521096892,0.04223567952882223,0.5139816969893932,1.391973724259499,0.16413831419447064,0.09587486183967618,0.19926754749070422,0.11639420496403492,False,0.04223567952882223
Platelets_obs_rate,1253,12981,0.080332790177534,0.08296532092720925,-0.04206034092412933,0.4800286722696743,-1.3160138324528956,0.18837607071853502,0.019357080652553926,0.2235504267817447,0.026758317372648076,False,0.04206034092412933
PTT_obs_rate,1253,12981,0.06809619061260787,0.06542626258278676,0.04121532138252236,0.5069548206406158,1.3038735999564648,0.1924814883604957,0.41291218371085636,0.2269763787476813,0.4439480668002345,False,0.04121532138252236
PaCO2_obs_rate,1253,12981,0.12973983735388242,0.12367404815449061,0.04062188585001505,0.5549267383424223,1.501088508846932,0.13353401887005317,3.674989253919912e-11,0.1664117129100284,9.910421840488944e-11,False,0.04062188585001505
AST_dev,602,3509,73.41454913735117,61.61385893962383,0.04029441484818081,0.5109341522369152,0.8759118592162957,0.38134257401367766,0.39062523549649775,0.42966337962499984,0.4227490213103544,False,0.04029441484818081
Platelets_dev,1153,12682,67.30386984213243,70.06464089728607,-0.039517238776753255,0.4710040372454598,-1.171293506129971,0.24169137672811544,0.0010932551780027313,0.27802959071171324,0.0017375891476468532,False,0.039517238776753255
O2Sat_std6,1253,12973,1.329291298287129,1.2935903730181397,0.03835146846448786,0.5093227268200041,1.338625603825107,0.1808920513917484,0.2750003592873095,0.21701382623287965,0.3098462952244001,False,0.03835146846448786
Lactate_dev,819,4610,0.5334977309128403,0.4990082734533831,0.03793056273891913,0.5118143124650717,0.9640275444470673,0.3352449051787261,0.28051533433478504,0.38032956484069275,0.31420245453083057,False,0.03793056273891913
Glucose_std6,1170,12758,5.9836382624303175,6.311784000792364,-0.03791131542663298,0.4931769977074884,-1.3013684899883473,0.1933434167371297,0.4379580633957503,0.2271785146661274,0.4693426803166184,False,0.03791131542663298
Magnesium_locf,1173,12109,2.033174090068359,2.0208085472109847,0.03764813468518915,0.5147369478585992,1.1339063191203487,0.25703303365458113,0.09499203580522361,0.29464762394549543,0.11574955474043915,False,0.03764813468518915
Resp_std24,797,10306,3.388048590398119,3.438351109937013,-0.03680924753507374,0.49721240212605927,-0.9863269347355998,0.3242323337090936,0.7928351066550956,0.3691087812812865,0.8100706524519455,False,0.03680924753507374
Potassium_obs_rate,1253,12981,0.13513936442902783,0.13122742770327295,0.036319659581016975,0.5161596299533612,1.2004132872210111,0.23016967353243803,0.05846029494518199,0.2657046406742881,0.07369132964354358,False,0.036319659581016975
O2Sat_min6,1253,12973,95.41743230248868,95.29751608114994,0.03584385624083853,0.5168735557286424,1.2689553610126656,0.20464931284221527,0.048181014354248694,0.23960720258038729,0.06192013172870242,False,0.03584385624083853
Phosphate_locf,1121,10574,3.6046320221766526,3.562049580903885,0.03575583777263271,0.4987032893534661,1.0805712355616468,0.28008272653267224,0.8862906805170154,0.3199556146848929,0.8944467297242272,False,0.03575583777263271
WBC_slope6,1012,12369,-0.013519835542025724,-0.019071747529005766,0.03550593554034552,0.5324268292176316,0.7456801053405463,0.45602307878174536,0.0005410911511962678,0.510311540541477,0.0008900949437178605,False,0.03550593554034552
Temp_hours_since,1240,12841,1.5684998412631572,1.617393737780559,-0.033765389082322024,0.43963567428926,-0.7874957746929959,0.4311312637480229,2.0406022404557087e-12,0.4841030231163807,6.048271505494849e-12,False,0.033765389082322024
HR_hours_since,1253,12980,0.12261772926927285,0.14147597961931366,-0.03173177304256042,0.45617470305473334,-1.3358737350371241,0.18176986874910353,8.977196650759704e-08,0.21701382623287965,2.036894964206857e-07,False,0.03173177304256042
SaO2_locf,553,5017,91.64047238451663,91.36193775802774,0.02815459273211762,0.5020218778756207,0.6297514036691109,0.5290687219855776,0.875710504416562,0.5802120317775168,0.886488479855535,False,0.02815459273211762
MAP_locf,1253,12979,78.30376997245186,78.59804078083081,-0.027183728093116026,0.49603417319659415,-0.9181024719325606,0.3587124789500342,0.6423790234440194,0.40555465833182563,0.6688060085857038,False,0.027183728093116026
pH_slope12,794,7804,0.0006261737264720838,0.0006941805558765909,-0.025943596184227355,0.4843982999094955,-0.6440686152414838,0.5196895670022468,0.14615479032424444,0.5737512333682523,0.1717318786309872,False,0.025943596184227355
pH_min6,1030,8215,7.377988104218418,7.37640282345921,0.025892376999812755,0.5209442825993181,0.708779620303449,0.4785948460908405,0.02817465314061269,0.5319517039320492,0.03814592956074722,False,0.025892376999812755
pulse_pressure,898,8165,59.474578874413844,59.10052583401581,0.024783885912748584,0.5039014370916114,0.6909412420097104,0.4897491575128971,0.7006947374179258,0.5425167435075526,0.7272194593391091,False,0.024783885912748584
Creatinine_slope12,889,11129,0.00044099536182559565,1.9596762557293447e-05,0.024042331863363967,0.49136312359373624,0.6197917066639695,0.5355359246335346,0.3839947120604317,0.585353219948282,0.41832536512543717,False,0.024042331863363967
Platelets_mean24,797,10221,210.92925776741285,213.41399503871543,-0.024000308415895708,0.4873109794249716,-0.6120815861995237,0.540637334959428,0.23202951416208528,0.5889724609326219,0.26598505281995144,False,0.024000308415895708
SBP_locf,1168,12878,119.93692305316664,120.3061684763826,-0.022223079689081444,0.4940809775405438,-0.713367281732976,0.4757393997572152,0.502250553512392,0.5305703814241485,0.5316959774077141,False,0.022223079689081444
Creatinine_obs_rate,1253,12981,0.08221130531168998,0.08101929369080227,0.02056077728571222,0.5020689579275205,0.6362010492595441,0.5247455427620459,0.8085754751216674,0.5773955972197763,0.8235954529877046,False,0.02056077728571222
DBP_slope12,711,7953,-0.009178199556156137,-0.01770748563999552,0.017303687140647877,0.5235638065618632,0.47184225346494646,0.6371583489603374,0.037049759313003486,0.6872953993703311,0.049150688766040916,False,0.017303687140647877
Chloride_locf,1179,12684,105.49817721534322,105.58493172096101,-0.01685085172480282,0.4949615284722205,-0.48526015340417195,0.6275710109025511,0.5664668365807326,0.6791804690359845,0.5935273542517867,False,0.01685085172480282
Glucose_std24,796,10253,15.76844818634077,16.061552700059618,-0.01583762195635864,0.5377600599309823,-0.5612058179191168,0.5747780559353816,0.00037668087104972904,0.6240989452235661,0.0006355282388480043,False,0.01583762195635864
WBC_slope12,883,11100,-0.01940392993090711,-0.022185548916342265,0.015751616127865166,0.5352429779723098,0.3093149448364331,0.7571505134748203,0.0004673875639185047,0.798405509401333,0.0007845434108632043,False,0.015751616127865166
O2Sat_std24,798,10308,1.717639697033311,1.7356007430571339,-0.014890023833516513,0.4933734583840276,-0.4674561250114926,0.6402777298917407,0.5321752167685712,0.6884031801777212,0.5611719433232689,False,0.014890023833516513
age,1253,12981,62.73539508445113,62.51986367907641,0.013236354079083175,0.5006227715834666,0.4615816589446078,0.6444471982770376,0.9418694844460468,0.6906290821926558,0.9418694844460468,False,0.013236354079083175
Lactate_std24,582,4077,0.20049670493791097,0.20569564128731238,-0.013195834499681586,0.5591791012696318,-0.3550158925426112,0.7226636488827508,1.6303186156568029e-06,0.7719361703974837,3.4164001563763577e-06,False,0.013195834499681586
Hct_slope6,1053,12679,-0.02526002593370968,-0.0233439186830693,-0.01231172494384782,0.5034325177606719,-0.2952875180146057,0.7678276768217386,0.7103618609630258,0.8070776539116676,0.7349341265938223,False,0.01231172494384782
Platelets_locf,1153,12682,214.0236822700666,212.83955729622474,0.011413814070205077,0.49095856437811003,0.33116412458471484,0.7405732300097954,0.3085866763454609,0.785963202171686,0.3429899206677589,False,0.011413814070205077
Platelets_max6,1153,12682,217.2524262219021,216.07036467648288,0.011312243488672045,0.49027915903508235,0.32764473245156917,0.7432324278384213,0.2736467656845166,0.7862490956875903,0.3093807075952095,False,0.011312243488672045
AST_locf,602,3509,180.7230473800355,187.42765998541375,-0.010676605237738368,0.5248968243974441,-0.26115926042887566,0.79403100077597,0.050601931266407656,0.8266968330863739,0.06444966029004104,False,0.010676605237738368
age_over_65,1253,12981,0.49561053471668,0.49064016639704183,0.009941136745001264,0.502485184159819,0.33592866935455956,0.7369715213884095,0.7368160493659422,0.7846719434847467,0.7599137311642477,False,0.009941136745001264
MAP_mean6,1253,12979,78.37537739016204,78.46699519957956,-0.008374395600046793,0.502400618052847,-0.28141124984012134,0.7784337978552144,0.7786360790103288,0.8156201257782343,0.7980413395464118,False,0.008374395600046793
Platelets_mean6,1153,12682,214.29588617041952,213.4281036162335,0.00834783391440472,0.48989960297752494,0.24209492753307874,0.8087443269227762,0.2553517392931226,0.8393592541249002,0.29069454057936794,False,0.00834783391440472
SBP_mean6,1168,12878,120.0438869293422,120.18233974188414,-0.008256070001447614,0.4990802781423985,-0.26273650160478473,0.792793113892627,0.9169692012297012,0.8266968330863739,0.9197648390383283,False,0.008256070001447614
Hct_slope12,910,11732,-0.026431564006482375,-0.027466148942228735,0.0071439713624657725,0.5091967868476562,0.21251422056249195,0.8317466109512116,0.35434038448617333,0.8605177201350586,0.38730228071744527,False,0.0071439713624657725
PaCO2_locf,1007,7810,40.94637318093111,40.90735398169211,0.00511531920501974,0.48672169334504817,0.13667452142186176,0.8913108414346828,0.16953664313403127,0.9106871640745672,0.19709383601094094,False,0.00511531920501974
pH_hours_since,1030,8215,6.488656251732875,6.458901778962271,0.005042062973057931,0.41726087136365514,0.10087694044490594,0.9196662731255695,4.299698107231246e-18,0.9309852426409612,1.8861342363721066e-17,False,0.005042062973057931
Platelets_min6,1153,12682,211.22463884337094,210.72864943583895,0.004792064023490328,0.4893350560847076,0.1392107519319952,0.8893049002245,0.22974243534194416,0.9106871640745672,0.2642841301660826,False,0.004792064023490328
Hct_dev,1180,12808,8.16751126975465,8.202377926203226,-0.004495161170789964,0.4909046848368075,-0.14037236732252842,0.8883863045673311,0.30038536187632947,0.9106871640745672,0.33500604765190645,False,0.004495161170789964
DBP_min6,898,8165,54.46196008100276,54.50277915692957,-0.003935002287636379,0.5056790827272144,-0.11441626832171725,0.9089284018392917,0.5758030588508182,0.9258125207589071,0.6013943059108545,False,0.003935002287636379
DBP_obs_rate,1253,12981,0.4891334782704895,0.4907951791978261,-0.0039186421879701255,0.4983761028842388,-0.13927838211538854,0.8892484058508195,0.8454092168794022,0.9106871640745672,0.8584556554114916,False,0.0039186421879701255
MAP_slope12,1019,12746,-0.011283501409839176,-0.013116312038016715,0.0033543900230395113,0.5063004622512757,0.10171115625773967,0.9190032058156093,0.5026062278838879,0.9309852426409612,0.5316959774077141,False,0.0033543900230395113
Hgb_obs_rate,1253,12981,0.11420577507133835,0.11436423123321815,-0.0016693947042808134,0.49012234284585493,-0.05228745370644326,0.9583068033112393,0.2474202954575747,0.9671255775748397,0.2826433236303545,False,0.0016693947042808134
DBP_hours_since,898,8165,1.5292169053490192,1.5353184257129255,-0.001535244333967465,0.39863846582935203,-0.029228365304884565,0.9766884811583139,2.7095564063557007e-24,0.9796661899423331,1.7479295248843637e-23,False,0.001535244333967465
Alkalinephos_locf,595,3394,109.9703114453484,110.13637053804953,-0.0012372912951420607,0.5074530931995662,-0.033809029664265355,0.9730361936742427,0.5613565226211495,0.9789874853786722,0.5900520637136045,False,0.0012372912951420607
Hct_std6,1168,12802,0.4206572090012854,0.42088464144367843,-0.0004812499046913811,0.4873437209083341,-0.01407336387339205,0.9887735543220567,0.15061887741363245,0.9887735543220567,0.17572202364923786,False,0.0004812499046913811
EtCO2_obs_rate,1253,12981,0.0,0.0,0.0,0.5,,,,,,False,0.0
EtCO2_n_obs,1253,12981,0.0,0.0,0.0,0.5,,,,,,False,0.0
